"","owner","name","number"
"1","quarkusio","quarkus",28545
"2","quarkusio","quarkus",28523
"10002","quarkusio","quarkus",28505
"10006","quarkusio","quarkus",28487
"10011","quarkusio","quarkus",28383
"10012","quarkusio","quarkus",28359
"10016","quarkusio","quarkus",28327
"10052","quarkusio","quarkus",28319
"10053","quarkusio","quarkus",27994
"10054","quarkusio","quarkus",27966
"10058","quarkusio","quarkus",27956
"10062","quarkusio","quarkus",27774
"10063","quarkusio","quarkus",27560
"10072","quarkusio","quarkus",27526
"10076","quarkusio","quarkus",27494
"10077","quarkusio","quarkus",26760
"10861","quarkusio","quarkus",26706
"10865","google","gson",2221
"10866","google","gson",2212
"10867","google","gson",2189
"10931","google","gson",2152
"10947","google","gson",2151
"11027","google","gson",2145
"11028","javaparser","javaparser",3712
"11030","javaparser","javaparser",3684
"11031","shopizer-ecommerce","shopizer",807
"11032","shopizer-ecommerce","shopizer",801
"11033","javalin","javalin",1698
"11034","querydsl","querydsl",3398
"11035","querydsl","querydsl",3397
"11036","querydsl","querydsl",3389
"11037","querydsl","querydsl",3384
"11038","querydsl","querydsl",3380
"11040","querydsl","querydsl",3378
"11042","querydsl","querydsl",3377
"11043","querydsl","querydsl",3375
"11044","querydsl","querydsl",3367
"11045","querydsl","querydsl",3361
"11046","querydsl","querydsl",3358
"11047","querydsl","querydsl",3346
"11056","querydsl","querydsl",3340
"11057","querydsl","querydsl",3320
"11060","docker-java","docker-java",1979
"11061","docker-java","docker-java",1978
"11062","docker-java","docker-java",1977
"11063","docker-java","docker-java",1972
"11073","docker-java","docker-java",1970
"11074","docker-java","docker-java",1968
"11075","docker-java","docker-java",1963
"11081","docker-java","docker-java",1961
"11082","docker-java","docker-java",1958
"11083","docker-java","docker-java",1945
"11084","docker-java","docker-java",1937
"11085","docker-java","docker-java",1909
"11090","apache","pinot",9579
"11099","apache","pinot",9578
"11101","apache","pinot",9571
"11165","apache","pinot",9570
"11205","apache","pinot",9560
"11349","apache","pinot",9556
"11353","apache","pinot",9550
"11359","apache","pinot",9546
"11843","apache","pinot",9527
"11844","apache","pinot",9515
"11869","apache","pinot",9511
"11878","apache","pinot",9510
"11879","apache","pinot",9507
"12001","apache","pinot",9505
"12005","apache","pinot",9501
"12006","apache","pinot",9484
"12447","apache","pinot",9480
"12452","apache","pinot",9471
"12468","apache","pinot",9442
"12469","apache","pinot",9416
"12474","apache","pinot",9397
"13159","apache","pinot",9370
"13163","apache","pinot",9322
"13213","apache","pinot",9306
"13218","apache","pinot",9264
"13222","apache","pinot",9263
"13247","apache","pinot",9248
"13248","apache","pinot",9216
"13258","apache","pinot",9199
"13275","apache","pinot",9198
"13284","apache","pinot",9163
"13293","apache","pinot",9112
"13309","apache","pinot",9096
"13310","apache","pinot",9085
"13311","fabric8io","kubernetes-client",4490
"13461","fabric8io","kubernetes-client",4488
"13502","fabric8io","kubernetes-client",4485
"13503","fabric8io","kubernetes-client",4481
"13657","fabric8io","kubernetes-client",4464
"19975","fabric8io","kubernetes-client",4430
"20051","fabric8io","kubernetes-client",4429
"20111","dunwu","javacore",43
"20112","jacoco","jacoco",1375
"20113","jacoco","jacoco",1374
"20114","jacoco","jacoco",1367
"20115","jacoco","jacoco",1356
"20120","OpenFeign","feign",1795
"20121","OpenFeign","feign",1772
"20122","OpenFeign","feign",1760
"20267","OpenFeign","feign",1726
"20272","Azure","azure-sdk-for-java",31435
"20633","Azure","azure-sdk-for-java",31434
"20642","Azure","azure-sdk-for-java",31431
"20649","Azure","azure-sdk-for-java",31429
"20654","Azure","azure-sdk-for-java",31414
"20655","Azure","azure-sdk-for-java",31410
"20668","Azure","azure-sdk-for-java",31409
"20669","Azure","azure-sdk-for-java",31408
"20670","Azure","azure-sdk-for-java",31386
"21570","Azure","azure-sdk-for-java",31315
"21573","Azure","azure-sdk-for-java",31263
"21862","Azure","azure-sdk-for-java",31211
"21863","Azure","azure-sdk-for-java",31034
"21864","Azure","azure-sdk-for-java",31002
"22060","Azure","azure-sdk-for-java",30961
"22061","Azure","azure-sdk-for-java",30960
"22062","Azure","azure-sdk-for-java",30875
"23358","Azure","azure-sdk-for-java",30858
"33358","Azure","azure-sdk-for-java",30744
"33362","Azure","azure-sdk-for-java",30728
"33371","Azure","azure-sdk-for-java",30505
"33396","Azure","azure-sdk-for-java",30460
"33397","Azure","azure-sdk-for-java",30214
"33398","qos-ch","slf4j",304
"33414","qos-ch","slf4j",303
"33415","prometheus","client_java",805
"33416","googleapis","google-cloud-java",8582
"33418","googleapis","google-cloud-java",8567
"33420","googleapis","google-cloud-java",8483
"33422","googleapis","google-cloud-java",8449
"33424","googleapis","google-cloud-java",8444
"33426","googleapis","google-cloud-java",8251
"33428","jtablesaw","tablesaw",1153
"33429","jtablesaw","tablesaw",1149
"33430","jtablesaw","tablesaw",1148
"33431","jtablesaw","tablesaw",1146
"33435","jtablesaw","tablesaw",1145
"33444","jtablesaw","tablesaw",1139
"33445","helidon-io","helidon",5013
"33449","eclipse","paho.mqtt.java",957
"33453","eclipse","paho.mqtt.java",951
"33454","apache","dubbo",10741
"33455","apache","dubbo",10728
"33459","apache","dubbo",10726
"33700","apache","dubbo",10720
"33709","apache","dubbo",10698
"33710","apache","dubbo",10695
"34286","apache","dubbo",10691
"34367","apache","dubbo",10683
"34368","apache","dubbo",10672
"35097","apache","dubbo",10667
"35178","apache","dubbo",10658
"35236","apache","dubbo",10642
"35272","apache","dubbo",10587
"35393","apache","dubbo",10378
"35394","eclipse","eclipse.jdt.ls",2173
"35431","googleapis","google-api-java-client",2111
"35440","spullara","mustache.java",283
"35636","vipshop","vjtools",204
"35638","vipshop","vjtools",203
"35639","vipshop","vjtools",202
"35640","vipshop","vjtools",201
"35641","vipshop","vjtools",200
"35642","rest-assured","rest-assured",1634
"35643","rest-assured","rest-assured",1633
"35644","rest-assured","rest-assured",1630
"35645","rest-assured","rest-assured",1629
"35646","rest-assured","rest-assured",1628
"35647","rest-assured","rest-assured",1625
"35655","MorphiaOrg","morphia",2113
"35656","googleapis","google-http-java-client",1691
"35667","ta4j","ta4j",900
"35668","ta4j","ta4j",898
"35684","ta4j","ta4j",897
"35685","ta4j","ta4j",895
"36185","ta4j","ta4j",894
"36214","ta4j","ta4j",892
"36215","ta4j","ta4j",891
"36216","jOOQ","jOOQ",14049
"36217","HotswapProjects","HotswapAgent",437
"36218","HotswapProjects","HotswapAgent",435
"36219","guoguibing","librec",351
"36220","qos-ch","logback",598
"36221","qos-ch","logback",593
"36222","qos-ch","logback",591
"36231","qos-ch","logback",586
"36240","qos-ch","logback",584
"36241","google","error-prone",3478
"36242","google","error-prone",3462
"36243","google","error-prone",3449
"36244","google","error-prone",3448
"36245","google","error-prone",3437
"36250","google","error-prone",3428
"36254","google","error-prone",3382
"36255","rubenlagus","TelegramBots",1128
"36256","rubenlagus","TelegramBots",1124
"36270","rubenlagus","TelegramBots",1116
"36279","google","truth",1022
"36288","sofastack","sofa-jraft",890
"36317","sofastack","sofa-jraft",884
"36318","hapifhir","hapi-fhir",4134
"36319","hapifhir","hapi-fhir",4130
"36335","hapifhir","hapi-fhir",4123
"36352","hapifhir","hapi-fhir",4112
"36425","hapifhir","hapi-fhir",4079
"36426","hapifhir","hapi-fhir",4037
"36432","hapifhir","hapi-fhir",3977
"36445","hapifhir","hapi-fhir",3974
"36454","hapifhir","hapi-fhir",3932
"37662","hapifhir","hapi-fhir",3896
"37663","apache","storm",3497
"37665","apache","storm",3496
"37666","apache","storm",3495
"37668","apache","storm",3494
"37669","apache","storm",3492
"37670","apache","storm",3489
"37686","konsoletyper","teavm",610
"38287","apache","camel",8102
"38289","ff4j","ff4j",603
"38290","ff4j","ff4j",602
"38291","ff4j","ff4j",600
"38292","ff4j","ff4j",598
"38293","ff4j","ff4j",597
"38294","ff4j","ff4j",596
"38295","ff4j","ff4j",595
"38296","ff4j","ff4j",593
"38297","ff4j","ff4j",589
"38298","ff4j","ff4j",587
"38299","apache","hbase",4827
"38303","apache","hbase",4826
"38304","apache","hbase",4825
"38305","apache","hbase",4820
"38307","apache","hbase",4810
"44055","apache","hbase",4808
"50766","apache","hbase",4801
"50808","apache","hbase",4799
"50853","apache","hbase",4788
"50917","apache","hbase",4786
"51039","apache","hbase",4785
"51043","apache","hbase",4782
"51133","apache","hbase",4780
"51137","apache","hbase",4774
"51138","apache","hbase",4770
"56644","apache","hbase",4765
"56645","apache","hbase",4756
"56646","apache","hbase",4733
"57111","apache","hbase",4732
"57112","apache","hbase",4721
"57212","apache","hbase",4720
"57238","apache","hbase",4719
"57242","apache","hbase",4670
"57247","apache","hbase",4664
"57263","apache","hbase",4661
"57365","apache","hbase",4660
"57366","flowable","flowable-engine",3484
"57402","flowable","flowable-engine",3475
"57404","flowable","flowable-engine",3407
"57453","apache","shiro",433
"57454","kiegroup","drools",4746
"57467","kiegroup","drools",4744
"57468","kiegroup","drools",4741
"57469","kiegroup","drools",4549
"57478","apache","shenyu",4060
"57491","apache","shenyu",3774
"57493","apache","shenyu",3756
"57503","google","libphonenumber",2829
"57504","google","libphonenumber",2828
"57505","google","libphonenumber",2822
"57514","google","libphonenumber",2821
"67514","openhab","openhab-addons",13520
"67838","openhab","openhab-addons",13344
"67842","openhab","openhab-addons",13289
"67844","openhab","openhab-addons",13276
"67846","apache","nifi",6514
"67911","apache","nifi",6498
"67916","alibaba","easyexcel",2758
"67925","alibaba","easyexcel",2728
"67926","alibaba","easyexcel",2656
"67927","alibaba","easyexcel",2643
"67928","alibaba","easyexcel",2607
"67929","alibaba","easyexcel",2598
"67963","alibaba","easyexcel",2591
"68052","sofastack","sofa-ark",576
"68078","sofastack","sofa-ark",565
"68079","knowm","XChart",702
"68080","knowm","XChart",701
"68081","knowm","XChart",698
"68090","spring-projects","spring-batch",4210
"68094","spring-projects","spring-batch",4209
"69859","spring-projects","spring-batch",4208
"69872","spring-projects","spring-batch",4203
"69876","spring-projects","spring-batch",4185
"69892","dromara","forest",102
"70061","graphhopper","graphhopper",2674
"78358","graphhopper","graphhopper",2673
"78394","graphhopper","graphhopper",2653
"78395","graphhopper","graphhopper",2640
"78396","codecentric","spring-boot-admin",2136
"78405","codecentric","spring-boot-admin",2133
"78409","codecentric","spring-boot-admin",2129
"78410","codecentric","spring-boot-admin",2128
"78414","codecentric","spring-boot-admin",2127
"78418","codecentric","spring-boot-admin",2126
"78426","codecentric","spring-boot-admin",2096
"78428","codecentric","spring-boot-admin",2094
"78429","codecentric","spring-boot-admin",2092
"78430","codecentric","spring-boot-admin",2091
"78438","apache","parquet-mr",1004
"78439","apache","parquet-mr",1003
"78440","apache","parquet-mr",1000
"78586","apache","parquet-mr",999
"78599","apache","parquet-mr",998
"78615","apache","parquet-mr",995
"78736","apache","parquet-mr",993
"78737","apache","parquet-mr",992
"78738","apache","parquet-mr",991
"78747","apache","parquet-mr",988
"78772","apache","parquet-mr",987
"78773","apache","parquet-mr",983
"78782","apache","parquet-mr",979
"78846","sarxos","webcam-capture",873
"78847","sofastack","sofa-rpc",1250
"78852","sofastack","sofa-rpc",1249
"78870","sofastack","sofa-rpc",1230
"79015","jooby-project","jooby",2648
"79016","jooby-project","jooby",2646
"79017","apache","flink",21038
"79026","apache","flink",21036
"79035","apache","flink",21034
"79231","apache","flink",21032
"79235","apache","flink",21026
"79239","apache","flink",21020
"79243","apache","flink",21016
"79247","apache","flink",21014
"79396","apache","flink",20991
"81512","apache","flink",20990
"81528","apache","flink",20988
"81529","apache","flink",20987
"81530","apache","flink",20958
"81699","apache","flink",20954
"81704","apache","flink",20942
"81720","apache","flink",20937
"81725","apache","flink",20922
"81727","apache","flink",20908
"81728","apache","flink",20907
"81924","apache","flink",20886
"83525","apache","flink",20850
"83526","apache","flink",20844
"83562","apache","flink",20821
"83566","apache","flink",20756
"83602","apache","flink",20751
"83603","apache","flink",20747
"83604","apache","flink",20746
"83605","apache","flink",20720
"83606","apache","flink",20701
"83607","apache","flink",20652
"83608","apache","flink",20639
"83609","apache","flink",20627
"83625","apache","flink",20607
"83661","apache","flink",20542
"83662","apache","flink",20536
"83666","apache","flink",20475
"83682","apache","flink",20454
"83683","apache","flink",20441
"83700","apache","flink",20421
"83701","apache","flink",20389
"83710","apache","flink",20387
"83719","apache","flink",20370
"83735","apache","flink",20343
"83739","apache","flink",20342
"83740","apache","flink",20327
"83744","apache","flink",20323
"83745","apache","flink",20310
"83746","apache","flink",20288
"83747","apache","flink",20284
"83763","apache","flink",20257
"83779","apache","flink",20246
"83781","apache","maven",824
"91626","apache","maven",823
"91627","apache","maven",822
"91629","apache","maven",819
"93755","apache","maven",816
"93765","apache","maven",812
"93774","apache","maven",810
"93839","apache","maven",809
"93840","apache","maven",805
"93841","apache","maven",804
"93845","apache","maven",803
"94116","apache","maven",793
"94132","apache","rocketmq",5297
"94148","apache","rocketmq",5295
"94155","apache","rocketmq",5293
"94240","apache","rocketmq",5289
"94244","apache","rocketmq",5282
"94260","apache","rocketmq",5275
"94793","apache","rocketmq",5260
"94803","apache","rocketmq",5253
"94807","apache","rocketmq",5244
"94811","apache","rocketmq",5226
"94812","apache","rocketmq",5194
"94821","apache","rocketmq",5182
"94825","apache","rocketmq",5158
"94826","apache","rocketmq",5062
"94871","apache","rocketmq",5057
"95017","apache","rocketmq",5046
"95260","apache","rocketmq",5033
"95549","apache","rocketmq",5029
"95579","apache","rocketmq",5019
"95580","apache","rocketmq",5005
"95589","apache","rocketmq",4991
"95590","apache","rocketmq",4957
"96057","apache","rocketmq",4891
"96068","apache","rocketmq",4825
"96417","apache","rocketmq",4797
"96434","apache","rocketmq",4780
"97066","apache","rocketmq",4772
"97186","apache","rocketmq",4769
"97553","apache","rocketmq",4752
"97809","apache","rocketmq",4731
"97831","apache","rocketmq",4723
"98767","apache","rocketmq",4674
"98776","apache","rocketmq",4661
"98778","apache","rocketmq",4641
"98844","apache","rocketmq",4621
"98853","apache","rocketmq",4610
"98854","apache","rocketmq",4603
"98855","apache","struts",609
"98919","apache","struts",608
"99760","apache","struts",585
"99881","google","guice",1650
"99890","alibaba","Sentinel",2908
"99893","alibaba","Sentinel",2907
"99896","alibaba","Sentinel",2861
"99912","alibaba","Sentinel",2850
"99928","alibaba","Sentinel",2847
"99932","alibaba","Sentinel",2821
"99933","alibaba","Sentinel",2810
"99934","alibaba","Sentinel",2809
"99943","DTStack","chunjun",1303
"99945","DTStack","chunjun",1301
"99949","DTStack","chunjun",1288
"106217","hibernate","hibernate-validator",1288
"107697","hibernate","hibernate-validator",1281
"107750","joelittlejohn","jsonschema2pojo",1439
"107754","joelittlejohn","jsonschema2pojo",1438
"107763","joelittlejohn","jsonschema2pojo",1433
"107767","joelittlejohn","jsonschema2pojo",1428
"107840","joelittlejohn","jsonschema2pojo",1421
"107844","joelittlejohn","jsonschema2pojo",1416
"107848","joelittlejohn","jsonschema2pojo",1415
"107910","prestodb","presto",18475
"107991","prestodb","presto",18466
"108016","prestodb","presto",18463
"108017","prestodb","presto",18452
"108053","prestodb","presto",18448
"108054","prestodb","presto",18447
"108055","prestodb","presto",18443
"108056","prestodb","presto",18400
"108060","prestodb","presto",18394
"108061","prestodb","presto",18364
"108062","prestodb","presto",18353
"108462","prestodb","presto",18329
"108475","prestodb","presto",18303
"108700","prestodb","presto",18282
"108734","prestodb","presto",18269
"108735","prestodb","presto",18248
"108736","prestodb","presto",18244
"108738","prestodb","presto",18232
"108747","prestodb","presto",18212
"108748","prestodb","presto",18199
"108749","prestodb","presto",18176
"108758","prestodb","presto",18173
"108807","prestodb","presto",18172
"108832","prestodb","presto",18148
"108885","prestodb","presto",18143
"108985","prestodb","presto",18088
"109085","prestodb","presto",18066
"109086","prestodb","presto",18044
"109087","prestodb","presto",18021
"109168","apache","ambari",3398
"109177","apache","ambari",3396
"109258","apache","ambari",3395
"109259","apache","ambari",3394
"109260","apache","ambari",3393
"109264","apache","ambari",3388
"109265","apache","ambari",3381
"109301","apache","ambari",3362
"109305","apache","ambari",3356
"109306","apache","ambari",3352
"109427","apache","ambari",3345
"109868","psi-probe","psi-probe",2277
"109871","MyCATApache","Mycat2",756
"109872","MyCATApache","Mycat2",755
"109873","MyCATApache","Mycat2",754
"109874","MyCATApache","Mycat2",740
"109875","MyCATApache","Mycat2",739
"109876","MyCATApache","Mycat2",738
"109877","MyCATApache","Mycat2",737
"109878","apache","hive",3669
"109879","apache","hive",3668
"109883","apache","hive",3666
"109892","apache","hive",3665
"109896","apache","hive",3661
"109897","apache","hive",3659
"109914","apache","hive",3658
"109917","apache","hive",3657
"110021","apache","hive",3656
"110030","apache","hive",3654
"110031","apache","hive",3651
"110047","apache","hive",3650
"110048","apache","hive",3644
"110131","apache","hive",3642
"115607","apache","hive",3637
"119328","apache","hive",3634
"119337","apache","hive",3633
"119341","apache","hive",3631
"119357","apache","hive",3630
"119370","apache","hive",3627
"119420","apache","hive",3626
"119425","apache","hive",3625
"119451","apache","hive",3620
"119452","apache","hive",3618
"119461","apache","hive",3614
"119525","apache","hive",3608
"119597","apache","hive",3605
"119607","apache","hive",3600
"119608","apache","hive",3596
"119632","apache","hive",3595
"119640","apache","hive",3589
"119644","apache","hive",3585
"119645","apache","hive",3583
"119646","apache","hive",3582
"119654","apache","hive",3576
"120014","apache","hive",3575
"120015","apache","hive",3572
"120791","apache","hive",3567
"121048","apache","hive",3562
"121057","apache","hive",3561
"121066","apache","hive",3551
"121070","apache","hive",3545
"121075","apache","hive",3542
"121076","apache","hive",3539
"121077","apache","hive",3536
"121081","apache","hive",3523
"121083","apache","hive",3522
"121084","apache","hive",3520
"121085","apache","hive",3519
"121166","apache","hive",3518
"121266","apache","hive",3516
"121270","apache","hive",3506
"121287","apache","hive",3485
"121292","apache","hive",3484
"121392","apache","hive",3477
"121401","apache","hive",3441
"130262","dadoonet","fscrawler",1518
"130263","dadoonet","fscrawler",1510
"130265","qiujiayu","AutoLoadCache",116
"130297","apache","maven-mvnd",703
"130298","redisson","redisson",4536
"130299","redisson","redisson",4502
"130300","redisson","redisson",4498
"130302","eclipse","eclipse-collections",1406
"130303","eclipse","eclipse-collections",1404
"130312","eclipse","eclipse-collections",1403
"130352","eclipse","eclipse-collections",1398
"130369","eclipse","eclipse-collections",1397
"130373","apache","logging-log4j2",1069
"130374","apache","logging-log4j2",1064
"130375","apache","logging-log4j2",1058
"130384","apache","logging-log4j2",1054
"130400","apache","logging-log4j2",1003
"130401","apache","logging-log4j2",973
"130426","xkcoding","spring-boot-demo",235
"130427","spring-projects","spring-data-jpa",2651
"130431","spring-projects","spring-data-jpa",2639
"130456","igniterealtime","Openfire",2128
"130457","igniterealtime","Openfire",2125
"130458","igniterealtime","Openfire",2118
"130475","igniterealtime","Openfire",2113
"130485","igniterealtime","Openfire",2112
"130486","igniterealtime","Openfire",2110
"130551","igniterealtime","Openfire",2109
"130561","knowm","XChange",4590
"130567","knowm","XChange",4570
"130568","knowm","XChange",4566
"130577","knowm","XChange",4535
"130578","knowm","XChange",4530
"130579","knowm","XChange",4527
"130584","xuxueli","xxl-job",3006
"130609","xuxueli","xxl-job",3005
"130610","xuxueli","xxl-job",3004
"130611","xuxueli","xxl-job",3001
"130780","xuxueli","xxl-job",2999
"131309","xuxueli","xxl-job",2980
"131334","xuxueli","xxl-job",2972
"131335","xuxueli","xxl-job",2957
"131339","xuxueli","xxl-job",2941
"131355","xuxueli","xxl-job",2935
"131356","xuxueli","xxl-job",2932
"131526","mapstruct","mapstruct",3049
"131695","mapstruct","mapstruct",3046
"131699","mapstruct","mapstruct",3045
"131703","mapstruct","mapstruct",3043
"131732","mapstruct","mapstruct",3017
"131748","mapstruct","mapstruct",3016
"131917","mapstruct","mapstruct",3007
"131998","mapstruct","mapstruct",2995
"132359","mapstruct","mapstruct",2992
"132396","mapstruct","mapstruct",2959
"132652","mapstruct","mapstruct",2938
"132653","alibaba","transmittable-thread-local",438
"132655","jenkinsci","jenkins",7255
"132736","jenkinsci","jenkins",7253
"132745","jenkinsci","jenkins",7252
"132746","jenkinsci","jenkins",7251
"132747","jenkinsci","jenkins",7249
"132763","jenkinsci","jenkins",7248
"133019","jenkinsci","jenkins",7243
"133275","jenkinsci","jenkins",7242
"133284","jenkinsci","jenkins",7237
"133285","jenkinsci","jenkins",7230
"134126","jenkinsci","jenkins",7229
"134127","jenkinsci","jenkins",7225
"134128","jenkinsci","jenkins",7222
"134129","jenkinsci","jenkins",7208
"134145","jenkinsci","jenkins",7203
"134314","jenkinsci","jenkins",7197
"134990","jenkinsci","jenkins",7191
"134994","jenkinsci","jenkins",7184
"134995","jenkinsci","jenkins",7173
"135021","jenkinsci","jenkins",7171
"135022","jenkinsci","jenkins",7140
"135024","jenkinsci","jenkins",7109
"135025","jenkinsci","jenkins",7091
"135029","jenkinsci","jenkins",7084
"135033","jenkinsci","jenkins",7078
"135034","jenkinsci","jenkins",7056
"135071","jenkinsci","jenkins",7051
"135512","jenkinsci","jenkins",7049
"135516","jenkinsci","jenkins",7042
"135518","jenkinsci","jenkins",7040
"135522","jenkinsci","jenkins",7037
"135572","jenkinsci","jenkins",6995
"135741","jenkinsci","jenkins",6986
"135745","jenkinsci","jenkins",6967
"135749","jenkinsci","jenkins",6959
"135758","jenkinsci","jenkins",6912
"135775","jenkinsci","jenkins",6869
"135825","jenkinsci","jenkins",6867
"135834","jenkinsci","jenkins",6865
"135838","jenkinsci","jenkins",6861
"135843","jenkinsci","jenkins",6855
"135844","jenkinsci","jenkins",6843
"135893","spring-cloud","spring-cloud-kubernetes",1100
"135894","spring-cloud","spring-cloud-kubernetes",1097
"135910","spring-cloud","spring-cloud-kubernetes",1096
"136026","spring-cloud","spring-cloud-kubernetes",1095
"136027","spring-projects","spring-data-mongodb",4181
"136036","spring-projects","spring-data-mongodb",4177
"136261","spring-projects","spring-data-mongodb",4114
"136310","PowerJob","PowerJob",468
"136346","PowerJob","PowerJob",467
"136351","PowerJob","PowerJob",444
"136352","apache","iotdb",7581
"136590","apache","iotdb",7580
"136639","apache","iotdb",7577
"136720","apache","iotdb",7576
"137106","apache","iotdb",7575
"137266","apache","iotdb",7573
"140988","apache","iotdb",7570
"146990","apache","iotdb",7562
"147027","apache","iotdb",7559
"147028","apache","iotdb",7555
"147129","apache","iotdb",7535
"147155","apache","iotdb",7521
"147159","apache","iotdb",7507
"147160","apache","iotdb",7488
"147164","apache","iotdb",7486
"147173","apache","iotdb",7424
"147659","apache","iotdb",7380
"148884","apache","iotdb",7355
"149001","apache","iotdb",7354
"149298","apache","iotdb",7300
"149299","apache","iotdb",7281
"149528","apache","iotdb",7268
"149541","apache","iotdb",7263
"149542","apache","iotdb",7212
"149546","apache","iotdb",7171
"149715","apache","iotdb",7150
"149876","apache","iotdb",7120
"149881","apache","iotdb",7116
"150291","apache","iotdb",7098
"150292","apache","iotdb",7097
"150312","apache","iotdb",7094
"150338","apache","iotdb",7069
"150339","apache","iotdb",7055
"150340","apache","iotdb",7054
"150341","apache","iotdb",6940
"150345","apache","iotdb",6920
"150446","apache","iotdb",6884
"152134","apache","iotdb",6833
"155619","apache","iotdb",6747
"155644","apache","iotdb",6730
"155651","apache","iotdb",6688
"155725","apache","incubator-linkis",3624
"155733","apache","incubator-linkis",3620
"155734","apache","incubator-linkis",3613
"155861","apache","incubator-linkis",3605
"155874","apache","incubator-linkis",3564
"156403","apache","incubator-linkis",3557
"156421","apache","incubator-linkis",3551
"156430","apache","incubator-linkis",3550
"156431","apache","incubator-linkis",3457
"156434","assertj","assertj",2796
"156443","assertj","assertj",2794
"156479","assertj","assertj",2790
"156480","assertj","assertj",2787
"156481","assertj","assertj",2777
"156517","assertj","assertj",2776
"156521","assertj","assertj",2773
"158285","assertj","assertj",2772
"158286","assertj","assertj",2755
"158291","assertj","assertj",2753
"158516","assertj","assertj",2722
"158565","kiegroup","optaplanner",2244
"158595","LibrePDF","OpenPDF",834
"159619","LibrePDF","OpenPDF",831
"159683","LibrePDF","OpenPDF",823
"159692","LibrePDF","OpenPDF",815
"159708","LibrePDF","OpenPDF",814
"159717","LibrePDF","OpenPDF",794
"159721","apache","guacamole-client",768
"159947","apache","guacamole-client",767
"159948","apache","guacamole-client",761
"159952","apache","guacamole-client",752
"159958","gravitee-io","gravitee-api-management",2554
"159964","gravitee-io","gravitee-api-management",2522
"160535","gravitee-io","gravitee-api-management",2521
"160539","gravitee-io","gravitee-api-management",2518
"161323","gravitee-io","gravitee-api-management",2495
"164360","gravitee-io","gravitee-api-management",2491
"164376","gravitee-io","gravitee-api-management",2444
"164377","techa03","goodsKill",167
"164378","apache","zeppelin",4480
"164379","apache","zeppelin",4479
"164428","apache","zeppelin",4477
"164429","apache","zeppelin",4476
"164431","apache","zeppelin",4474
"164432","apache","zeppelin",4472
"164433","apache","zeppelin",4471
"164434","apache","zeppelin",4463
"164443","apache","zeppelin",4443
"164444","apache","zeppelin",4441
"164460","hcoles","pitest",1087
"164464","hcoles","pitest",1067
"164550","spring-cloud","spring-cloud-gateway",2750
"164632","spring-cloud","spring-cloud-gateway",2745
"164633","spring-cloud","spring-cloud-gateway",2733
"164634","spring-cloud","spring-cloud-gateway",2721
"164635","spring-cloud","spring-cloud-gateway",2702
"164636","spring-cloud","spring-cloud-gateway",2693
"164645","spring-cloud","spring-cloud-gateway",2671
"164646","spring-cloud","spring-cloud-gateway",2670
"164647","spring-cloud","spring-cloud-gateway",2669
"164648","spring-cloud","spring-cloud-gateway",2668
"164649","swagger-api","swagger-core",4262
"164881","swagger-api","swagger-core",4246
"164890","swagger-api","swagger-core",4221
"164907","swagger-api","swagger-core",4216
"164912","find-sec-bugs","find-sec-bugs",686
"164930","vladmihalcea","hibernate-types",493
"164934","vladmihalcea","hibernate-types",491
"164943","openmrs","openmrs-core",4115
"164952","jdbi","jdbi",2135
"164978","jdbi","jdbi",2134
"166136","jdbi","jdbi",2123
"166200","jdbi","jdbi",2110
"166345","jdbi","jdbi",2079
"166349","pmd","pmd",4151
"167310","pmd","pmd",4150
"167347","pmd","pmd",4147
"167351","pmd","pmd",4125
"167355","pmd","pmd",4110
"167356","pmd","pmd",4060
"171275","pmd","pmd",4059
"171686","pmd","pmd",4050
"172308","camunda","camunda-bpm-platform",2022
"172317","spring-cloud","spring-cloud-config",2176
"172321","spring-cloud","spring-cloud-config",2172
"172322","spring-cloud","spring-cloud-config",2171
"172347","spring-cloud","spring-cloud-config",2162
"172351","spring-cloud","spring-cloud-config",2140
"172376","spring-cloud","spring-cloud-config",2134
"172380","apache","drill",2655
"172776","apache","drill",2636
"172920","apache","drill",2599
"173496","apache","drill",2596
"173692","opengoofy","hippo4j",796
"173730","camunda","zeebe",10693
"173851","camunda","zeebe",10683
"173855","camunda","zeebe",10665
"173872","camunda","zeebe",10646
"173873","camunda","zeebe",10642
"173877","camunda","zeebe",10635
"174166","camunda","zeebe",10597
"174168","camunda","zeebe",10595
"174249","camunda","zeebe",10549
"174250","camunda","zeebe",10454
"174962","camunda","zeebe",10429
"174971","camunda","zeebe",10258
"174975","opensourceBIM","BIMserver",1274
"174976","opensourceBIM","BIMserver",1273
"174977","apache","incubator-sedona",696
"174978","apache","incubator-sedona",662
"174983","immutables","immutables",1409
"175008","immutables","immutables",1406
"175044","immutables","immutables",1394
"177748","apache","zookeeper",1932
"177749","apache","zookeeper",1931
"177753","apache","zookeeper",1930
"177757","apache","zookeeper",1928
"177758","apache","zookeeper",1925
"177858","apache","zookeeper",1921
"177862","apache","zookeeper",1919
"177871","apache","zookeeper",1918
"177875","apache","zookeeper",1917
"177879","apache","zookeeper",1916
"177880","apache","zookeeper",1915
"177881","apache","zookeeper",1910
"177885","apache","zookeeper",1909
"177889","apache","zookeeper",1906
"177890","antlr","antlr4",3927
"178214","antlr","antlr4",3925
"178215","antlr","antlr4",3924
"178216","antlr","antlr4",3923
"178217","antlr","antlr4",3922
"178218","antlr","antlr4",3891
"178392","antlr","antlr4",3889
"178402","antlr","antlr4",3870
"179771","antlr","antlr4",3863
"179775","antlr","antlr4",3842
"179824","antlr","antlr4",3822
"179946","antlr","antlr4",3817
"179971","dropwizard","dropwizard",5680
"179976","dropwizard","dropwizard",5549
"180002","INRIA","spoon",4923
"180003","spring-cloud","spring-cloud-netflix",4124
"180004","spring-cloud","spring-cloud-netflix",4117
"180005","OpenRefine","OpenRefine",5334
"180007","OpenRefine","OpenRefine",5328
"180008","OpenRefine","OpenRefine",5327
"180017","OpenRefine","OpenRefine",5323
"180026","OpenRefine","OpenRefine",5322
"180090","OpenRefine","OpenRefine",5321
"180091","OpenRefine","OpenRefine",5317
"180191","OpenRefine","OpenRefine",5312
"180272","OpenRefine","OpenRefine",5294
"180273","OpenRefine","OpenRefine",5165
"180637","OpenRefine","OpenRefine",5112
"180638","jeecgboot","jeecg-boot",4080
"180640","apache","avro",1777
"180690","alibaba","spring-cloud-alibaba",2809
"180758","apache","activemq",908
"180759","oshi","oshi",2210
"180760","oshi","oshi",2114
"180776","geotools","geotools",4041
"180780","networknt","light-4j",1342
"180781","apache","cloudstack",6825
"180782","apache","cloudstack",6822
"180783","apache","cloudstack",6817
"180798","apache","cloudstack",6812
"180802","apache","cloudstack",6809
"180807","apache","cloudstack",6808
"180811","apache","cloudstack",6803
"180891","apache","cloudstack",6801
"180892","apache","cloudstack",6797
"180893","apache","cloudstack",6792
"181018","apache","cloudstack",6785
"181019","apache","cloudstack",6781
"181028","apache","cloudstack",6755
"181029","apache","cloudstack",6748
"181033","apache","cloudstack",6735
"181037","apache","cloudstack",6713
"181038","apache","cloudstack",6704
"181047","apache","cloudstack",6699
"181051","apache","cloudstack",6662
"181052","apache","cloudstack",6661
"181078","apache","cloudstack",6609
"181106","apache","cloudstack",6594
"181107","apache","cloudstack",6589
"181133","apache","cloudstack",6581
"181142","apache","cloudstack",6580
"181143","apache","cloudstack",6571
"181312","apache","cloudstack",6561
"181320","apache","cloudstack",6550
"181322","thingsboard","thingsboard",7403
"181347","thingsboard","thingsboard",7395
"189631","thingsboard","thingsboard",7394
"189640","thingsboard","thingsboard",7387
"189704","thingsboard","thingsboard",7386
"189705","thingsboard","thingsboard",7381
"189706","thingsboard","thingsboard",7377
"189722","thingsboard","thingsboard",7376
"190155","thingsboard","thingsboard",7375
"190156","thingsboard","thingsboard",7373
"190167","thingsboard","thingsboard",7370
"190168","thingsboard","thingsboard",7367
"190172","thingsboard","thingsboard",7365
"190236","thingsboard","thingsboard",7360
"190238","thingsboard","thingsboard",7356
"190254","thingsboard","thingsboard",7337
"190258","thingsboard","thingsboard",7333
"190262","thingsboard","thingsboard",7326
"190263","thingsboard","thingsboard",7324
"190272","thingsboard","thingsboard",7311
"190393","thingsboard","thingsboard",7304
"190418","thingsboard","thingsboard",7297
"190614","thingsboard","thingsboard",7290
"190623","thingsboard","thingsboard",7278
"190631","thingsboard","thingsboard",7275
"190647","thingsboard","thingsboard",7267
"190656","thingsboard","thingsboard",7250
"190672","thingsboard","thingsboard",7248
"190673","thingsboard","thingsboard",7247
"190681","thingsboard","thingsboard",7238
"190744","thingsboard","thingsboard",7237
"190745","thingsboard","thingsboard",7236
"190746","thingsboard","thingsboard",7222
"190763","thingsboard","thingsboard",7204
"190764","thingsboard","thingsboard",7162
"190821","thingsboard","thingsboard",7082
"190825","thingsboard","thingsboard",6986
"190946","thingsboard","thingsboard",6943
"191010","vespa-engine","vespa",24406
"191014","winder","Universal-G-Code-Sender",2000
"191015","magefree","mage",9644
"191079","magefree","mage",9638
"192235","magefree","mage",9625
"194178","magefree","mage",9617
"194214","magefree","mage",9616
"196239","magefree","mage",9586
"196240","magefree","mage",9540
"196241","magefree","mage",9528
"196682","magefree","mage",9503
"196718","magefree","mage",9473
"196719","magefree","mage",9463
"196720","magefree","mage",9455
"196721","magefree","mage",9427
"196726","magefree","mage",9277
"196727","magefree","mage",9268
"196729","magefree","mage",9267
"197225","trinodb","trino",14604
"197226","trinodb","trino",14597
"197227","trinodb","trino",14590
"197228","trinodb","trino",14589
"197232","trinodb","trino",14573
"197236","trinodb","trino",14569
"197240","trinodb","trino",14561
"197241","trinodb","trino",14553
"197242","trinodb","trino",14549
"197258","trinodb","trino",14547
"197267","trinodb","trino",14527
"197276","trinodb","trino",14525
"197277","trinodb","trino",14476
"197286","trinodb","trino",14426
"197290","trinodb","trino",14406
"197291","trinodb","trino",14392
"197292","trinodb","trino",14375
"197296","trinodb","trino",14345
"197300","trinodb","trino",14271
"197325","trinodb","trino",14243
"197326","trinodb","trino",14209
"197327","trinodb","trino",13991
"197331","trinodb","trino",13980
"197332","trinodb","trino",13974
"197334","trinodb","trino",13926
"197398","trinodb","trino",13895
"197399","trinodb","trino",13838
"197400","trinodb","trino",13800
"197420","trinodb","trino",13733
"197456","trinodb","trino",13497
"197457","trinodb","trino",13493
"197458","trinodb","trino",13401
"197459","trinodb","trino",13359
"197463","trinodb","trino",13311
"197464","trinodb","trino",13294
"197484","trinodb","trino",13230
"197488","trinodb","trino",13201
"197490","eclipse","jetty.project",8699
"197555","liquibase","liquibase",3367
"197619","liquibase","liquibase",3366
"197621","liquibase","liquibase",3364
"197622","liquibase","liquibase",3362
"197627","liquibase","liquibase",3361
"197631","liquibase","liquibase",3359
"197633","liquibase","liquibase",3355
"197637","liquibase","liquibase",3350
"197638","liquibase","liquibase",3349
"197639","liquibase","liquibase",3348
"197640","liquibase","liquibase",3342
"197644","liquibase","liquibase",3341
"197645","liquibase","liquibase",3338
"197646","liquibase","liquibase",3335
"197648","liquibase","liquibase",3333
"197688","liquibase","liquibase",3331
"197689","liquibase","liquibase",3329
"197694","liquibase","liquibase",3328
"197696","liquibase","liquibase",3324
"197701","liquibase","liquibase",3316
"197702","liquibase","liquibase",3309
"197706","liquibase","liquibase",3301
"197723","liquibase","liquibase",3286
"197731","liquibase","liquibase",3285
"197732","liquibase","liquibase",3274
"197797","liquibase","liquibase",3244
"197798","liquibase","liquibase",3203
"197823","liquibase","liquibase",3185
"197824","liquibase","liquibase",3108
"197849","liquibase","liquibase",3081
"197885","moshowgame","SpringBootCodeGenerator",136
"197889","questdb","questdb",2635
"197906","questdb","questdb",2633
"197915","questdb","questdb",2632
"197951","questdb","questdb",2631
"198015","questdb","questdb",2630
"198040","questdb","questdb",2627
"198104","questdb","questdb",2624
"198185","questdb","questdb",2621
"198189","questdb","questdb",2613
"198253","questdb","questdb",2612
"198289","questdb","questdb",2608
"198305","questdb","questdb",2606
"198405","questdb","questdb",2605
"198441","questdb","questdb",2594
"198457","questdb","questdb",2587
"199241","questdb","questdb",2579
"199257","questdb","questdb",2577
"199258","questdb","questdb",2459
"199483","questdb","questdb",2457
"209483","questdb","questdb",2388
"211247","springdoc","springdoc-openapi",1878
"211257","springdoc","springdoc-openapi",1834
"211258","springdoc","springdoc-openapi",1823
"211263","alibaba","fastjson2",830
"211267","ebean-orm","ebean",2837
"211271","ebean-orm","ebean",2828
"211962","ebean-orm","ebean",2826
"212518","ebean-orm","ebean",2773
"212522","ebean-orm","ebean",2759
