alibaba,arthas,2322
alibaba,arthas,2329
alibaba,easyexcel,2591
alibaba,easyexcel,2598
alibaba,easyexcel,2607
alibaba,easyexcel,2643
alibaba,easyexcel,2656
alibaba,easyexcel,2728
alibaba,easyexcel,2758
alibaba,easyexcel,2787
alibaba,easyexcel,2795
alibaba,fastjson2,830
alibaba,Sentinel,2809
alibaba,Sentinel,2810
alibaba,Sentinel,2821
alibaba,Sentinel,2847
alibaba,Sentinel,2850
alibaba,Sentinel,2861
alibaba,Sentinel,2907
alibaba,Sentinel,2908
alibaba,spring-cloud-alibaba,2809
alibaba,transmittable-thread-local,438
antlr,antlr4,3817
antlr,antlr4,3822
antlr,antlr4,3842
antlr,antlr4,3863
antlr,antlr4,3870
antlr,antlr4,3889
antlr,antlr4,3891
antlr,antlr4,3922
antlr,antlr4,3923
antlr,antlr4,3924
antlr,antlr4,3925
antlr,antlr4,3927
apache,activemq,908
apache,ambari,3345
apache,ambari,3352
apache,ambari,3356
apache,ambari,3362
apache,ambari,3381
apache,ambari,3388
apache,ambari,3393
apache,ambari,3394
apache,ambari,3395
apache,ambari,3396
apache,ambari,3398
apache,ambari,3410
apache,ambari,3415
apache,ambari,3416
apache,ambari,3452
apache,ambari,3481
apache,ambari,3484
apache,avro,1777
apache,camel,8102
apache,camel,8694
apache,cloudstack,6550
apache,cloudstack,6561
apache,cloudstack,6571
apache,cloudstack,6580
apache,cloudstack,6581
apache,cloudstack,6589
apache,cloudstack,6594
apache,cloudstack,6609
apache,cloudstack,6661
apache,cloudstack,6662
apache,cloudstack,6699
apache,cloudstack,6704
apache,cloudstack,6713
apache,cloudstack,6735
apache,cloudstack,6748
apache,cloudstack,6755
apache,cloudstack,6781
apache,cloudstack,6785
apache,cloudstack,6792
apache,cloudstack,6797
apache,cloudstack,6801
apache,cloudstack,6803
apache,cloudstack,6808
apache,cloudstack,6809
apache,cloudstack,6812
apache,cloudstack,6817
apache,cloudstack,6822
apache,cloudstack,6825
apache,curator,437
apache,drill,2596
apache,drill,2599
apache,drill,2636
apache,drill,2655
apache,dubbo,10378
apache,dubbo,10587
apache,dubbo,10642
apache,dubbo,10658
apache,dubbo,10667
apache,dubbo,10672
apache,dubbo,10683
apache,dubbo,10691
apache,dubbo,10695
apache,dubbo,10698
apache,dubbo,10720
apache,dubbo,10726
apache,dubbo,10728
apache,dubbo,10741
apache,dubbo,10745
apache,dubbo,10754
apache,dubbo,10811
apache,dubbo,10819
apache,dubbo,10853
apache,dubbo,10885
apache,dubbo,10894
apache,dubbo,10920
apache,flink,20246
apache,flink,20257
apache,flink,20284
apache,flink,20288
apache,flink,20310
apache,flink,20323
apache,flink,20327
apache,flink,20342
apache,flink,20343
apache,flink,20370
apache,flink,20387
apache,flink,20389
apache,flink,20421
apache,flink,20441
apache,flink,20454
apache,flink,20475
apache,flink,20536
apache,flink,20542
apache,flink,20607
apache,flink,20627
apache,flink,20639
apache,flink,20652
apache,flink,20701
apache,flink,20720
apache,flink,20746
apache,flink,20747
apache,flink,20751
apache,flink,20756
apache,flink,20821
apache,flink,20844
apache,flink,20850
apache,flink,20886
apache,flink,20907
apache,flink,20908
apache,flink,20922
apache,flink,20936
apache,flink,20937
apache,flink,20942
apache,flink,20952
apache,flink,20954
apache,flink,20958
apache,flink,20984
apache,flink,20987
apache,flink,20988
apache,flink,20990
apache,flink,20991
apache,flink,20994
apache,flink,20996
apache,flink,21008
apache,flink,21014
apache,flink,21016
apache,flink,21020
apache,flink,21023
apache,flink,21026
apache,flink,21032
apache,flink,21034
apache,flink,21036
apache,flink,21038
apache,flink,21040
apache,flink,21052
apache,flink,21059
apache,flink,21076
apache,flink,21077
apache,flink,21080
apache,flink,21084
apache,flink,21094
apache,flink,21111
apache,flink,21128
apache,flink,21137
apache,flink,21147
apache,flink,21155
apache,flink,21156
apache,flink,21159
apache,flink,21162
apache,flink,21170
apache,flink,21177
apache,flink,21182
apache,flink,21183
apache,flink,21185
apache,flink,21193
apache,flink,21195
apache,flink,21197
apache,flink,21199
apache,flink,21200
apache,flink,21203
apache,flink,21206
apache,flink,21207
apache,flink,21209
apache,flink,21210
apache,flink,21212
apache,flink,21217
apache,flink,21219
apache,flink,21222
apache,flink,21225
apache,flink,21226
apache,flink,21233
apache,flink,21239
apache,flink,21256
apache,flink,21258
apache,flink,21264
apache,flink,21266
apache,flink,21269
apache,flink,21278
apache,flink,21280
apache,flink,21281
apache,flink,21284
apache,flink,21290
apache,flink,21293
apache,flink,21294
apache,flink,21295
apache,flink,21296
apache,flink,21297
apache,flink,21298
apache,flink,21299
apache,flink,21300
apache,guacamole-client,752
apache,guacamole-client,761
apache,guacamole-client,767
apache,guacamole-client,768
apache,hbase,4660
apache,hbase,4661
apache,hbase,4664
apache,hbase,4670
apache,hbase,4719
apache,hbase,4720
apache,hbase,4721
apache,hbase,4732
apache,hbase,4733
apache,hbase,4756
apache,hbase,4765
apache,hbase,4770
apache,hbase,4774
apache,hbase,4780
apache,hbase,4782
apache,hbase,4785
apache,hbase,4786
apache,hbase,4788
apache,hbase,4799
apache,hbase,4801
apache,hbase,4808
apache,hbase,4810
apache,hbase,4820
apache,hbase,4825
apache,hbase,4826
apache,hbase,4827
apache,hbase,4846
apache,hbase,4853
apache,hbase,4863
apache,hbase,4864
apache,hbase,4865
apache,hbase,4868
apache,hbase,4870
apache,hbase,4874
apache,hbase,4876
apache,hive,3441
apache,hive,3477
apache,hive,3484
apache,hive,3485
apache,hive,3506
apache,hive,3516
apache,hive,3518
apache,hive,3519
apache,hive,3520
apache,hive,3522
apache,hive,3523
apache,hive,3536
apache,hive,3539
apache,hive,3542
apache,hive,3545
apache,hive,3551
apache,hive,3561
apache,hive,3562
apache,hive,3567
apache,hive,3572
apache,hive,3575
apache,hive,3576
apache,hive,3582
apache,hive,3583
apache,hive,3585
apache,hive,3589
apache,hive,3595
apache,hive,3596
apache,hive,3600
apache,hive,3605
apache,hive,3608
apache,hive,3614
apache,hive,3618
apache,hive,3620
apache,hive,3625
apache,hive,3626
apache,hive,3627
apache,hive,3630
apache,hive,3631
apache,hive,3633
apache,hive,3634
apache,hive,3637
apache,hive,3642
apache,hive,3644
apache,hive,3650
apache,hive,3651
apache,hive,3654
apache,hive,3656
apache,hive,3657
apache,hive,3658
apache,hive,3659
apache,hive,3661
apache,hive,3665
apache,hive,3666
apache,hive,3668
apache,hive,3669
apache,incubator-linkis,3457
apache,incubator-linkis,3550
apache,incubator-linkis,3551
apache,incubator-linkis,3557
apache,incubator-linkis,3564
apache,incubator-linkis,3605
apache,incubator-linkis,3613
apache,incubator-linkis,3620
apache,incubator-linkis,3624
apache,incubator-sedona,662
apache,incubator-sedona,696
apache,iotdb,6688
apache,iotdb,6730
apache,iotdb,6747
apache,iotdb,6833
apache,iotdb,6884
apache,iotdb,6920
apache,iotdb,6940
apache,iotdb,7054
apache,iotdb,7055
apache,iotdb,7069
apache,iotdb,7094
apache,iotdb,7097
apache,iotdb,7098
apache,iotdb,7116
apache,iotdb,7120
apache,iotdb,7150
apache,iotdb,7171
apache,iotdb,7212
apache,iotdb,7263
apache,iotdb,7268
apache,iotdb,7281
apache,iotdb,7300
apache,iotdb,7354
apache,iotdb,7355
apache,iotdb,7380
apache,iotdb,7424
apache,iotdb,7486
apache,iotdb,7488
apache,iotdb,7507
apache,iotdb,7521
apache,iotdb,7535
apache,iotdb,7555
apache,iotdb,7559
apache,iotdb,7562
apache,iotdb,7570
apache,iotdb,7573
apache,iotdb,7575
apache,iotdb,7576
apache,iotdb,7577
apache,iotdb,7580
apache,iotdb,7581
apache,logging-log4j2,1003
apache,logging-log4j2,1054
apache,logging-log4j2,1058
apache,logging-log4j2,1064
apache,logging-log4j2,1069
apache,logging-log4j2,973
apache,maven,793
apache,maven,803
apache,maven,804
apache,maven,805
apache,maven,809
apache,maven,810
apache,maven,812
apache,maven,816
apache,maven,819
apache,maven,822
apache,maven,823
apache,maven,824
apache,maven,830
apache,maven,831
apache,maven,833
apache,maven,839
apache,maven,840
apache,maven,841
apache,maven,843
apache,maven,845
apache,maven,848
apache,maven,849
apache,maven,852
apache,maven,860
apache,maven,861
apache,maven,864
apache,maven,866
apache,maven,867
apache,maven,868
apache,maven,869
apache,maven,870
apache,maven-mvnd,703
apache,nifi,6498
apache,nifi,6514
apache,parquet-mr,1000
apache,parquet-mr,1003
apache,parquet-mr,1004
apache,parquet-mr,1006
apache,parquet-mr,1008
apache,parquet-mr,1009
apache,parquet-mr,1010
apache,parquet-mr,979
apache,parquet-mr,983
apache,parquet-mr,987
apache,parquet-mr,988
apache,parquet-mr,991
apache,parquet-mr,992
apache,parquet-mr,993
apache,parquet-mr,995
apache,parquet-mr,998
apache,parquet-mr,999
apache,pinot,9085
apache,pinot,9096
apache,pinot,9112
apache,pinot,9163
apache,pinot,9198
apache,pinot,9199
apache,pinot,9216
apache,pinot,9248
apache,pinot,9263
apache,pinot,9264
apache,pinot,9306
apache,pinot,9322
apache,pinot,9370
apache,pinot,9397
apache,pinot,9416
apache,pinot,9442
apache,pinot,9471
apache,pinot,9480
apache,pinot,9484
apache,pinot,9501
apache,pinot,9505
apache,pinot,9507
apache,pinot,9510
apache,pinot,9511
apache,pinot,9515
apache,pinot,9527
apache,pinot,9546
apache,pinot,9550
apache,pinot,9556
apache,pinot,9560
apache,pinot,9570
apache,pinot,9571
apache,pinot,9578
apache,pinot,9579
apache,pinot,9586
apache,pinot,9602
apache,pinot,9623
apache,pinot,9628
apache,pinot,9630
apache,pinot,9636
apache,pinot,9662
apache,pinot,9669
apache,pinot,9684
apache,pinot,9700
apache,pinot,9705
apache,pinot,9707
apache,pinot,9710
apache,pinot,9713
apache,pinot,9727
apache,pinot,9742
apache,pinot,9743
apache,pinot,9744
apache,pinot,9749
apache,pinot,9750
apache,pinot,9751
apache,pinot,9753
apache,pinot,9762
apache,pinot,9763
apache,pinot,9766
apache,pinot,9772
apache,pinot,9773
apache,pinot,9775
apache,pinot,9776
apache,pinot,9778
apache,pinot,9781
apache,pinot,9782
apache,pinot,9786
apache,rocketmq,4603
apache,rocketmq,4610
apache,rocketmq,4621
apache,rocketmq,4641
apache,rocketmq,4661
apache,rocketmq,4674
apache,rocketmq,4723
apache,rocketmq,4731
apache,rocketmq,4752
apache,rocketmq,4769
apache,rocketmq,4772
apache,rocketmq,4780
apache,rocketmq,4797
apache,rocketmq,4825
apache,rocketmq,4891
apache,rocketmq,4957
apache,rocketmq,4991
apache,rocketmq,5005
apache,rocketmq,5019
apache,rocketmq,5029
apache,rocketmq,5033
apache,rocketmq,5046
apache,rocketmq,5057
apache,rocketmq,5062
apache,rocketmq,5158
apache,rocketmq,5182
apache,rocketmq,5194
apache,rocketmq,5226
apache,rocketmq,5244
apache,rocketmq,5253
apache,rocketmq,5260
apache,rocketmq,5275
apache,rocketmq,5282
apache,rocketmq,5289
apache,rocketmq,5293
apache,rocketmq,5295
apache,rocketmq,5297
apache,rocketmq,5304
apache,rocketmq,5321
apache,rocketmq,5328
apache,rocketmq,5360
apache,rocketmq,5362
apache,rocketmq,5429
apache,rocketmq,5435
apache,rocketmq,5456
apache,rocketmq,5463
apache,rocketmq,5475
apache,rocketmq,5476
apache,rocketmq,5477
apache,rocketmq,5500
apache,rocketmq,5504
apache,rocketmq,5508
apache,rocketmq,5510
apache,rocketmq,5513
apache,rocketmq,5514
apache,shenyu,3756
apache,shenyu,3774
apache,shenyu,4060
apache,shiro,433
apache,storm,3489
apache,storm,3492
apache,storm,3494
apache,storm,3495
apache,storm,3496
apache,storm,3497
apache,storm,3498
apache,storm,3500
apache,struts,585
apache,struts,608
apache,struts,609
apache,zeppelin,4441
apache,zeppelin,4443
apache,zeppelin,4463
apache,zeppelin,4471
apache,zeppelin,4472
apache,zeppelin,4474
apache,zeppelin,4476
apache,zeppelin,4477
apache,zeppelin,4479
apache,zeppelin,4480
apache,zookeeper,1906
apache,zookeeper,1909
apache,zookeeper,1910
apache,zookeeper,1915
apache,zookeeper,1916
apache,zookeeper,1917
apache,zookeeper,1918
apache,zookeeper,1919
apache,zookeeper,1921
apache,zookeeper,1925
apache,zookeeper,1928
apache,zookeeper,1930
apache,zookeeper,1931
apache,zookeeper,1932
assertj,assertj,2722
assertj,assertj,2753
assertj,assertj,2755
assertj,assertj,2772
assertj,assertj,2773
assertj,assertj,2776
assertj,assertj,2777
assertj,assertj,2787
assertj,assertj,2790
assertj,assertj,2794
assertj,assertj,2796
aws,aws-sdk-java-v2,3535
Azure,azure-sdk-for-java,30214
Azure,azure-sdk-for-java,30460
Azure,azure-sdk-for-java,30505
Azure,azure-sdk-for-java,30728
Azure,azure-sdk-for-java,30744
Azure,azure-sdk-for-java,30858
Azure,azure-sdk-for-java,30875
Azure,azure-sdk-for-java,30960
Azure,azure-sdk-for-java,30961
Azure,azure-sdk-for-java,31002
Azure,azure-sdk-for-java,31034
Azure,azure-sdk-for-java,31211
Azure,azure-sdk-for-java,31263
Azure,azure-sdk-for-java,31315
Azure,azure-sdk-for-java,31386
Azure,azure-sdk-for-java,31408
Azure,azure-sdk-for-java,31409
Azure,azure-sdk-for-java,31410
Azure,azure-sdk-for-java,31414
Azure,azure-sdk-for-java,31429
Azure,azure-sdk-for-java,31431
Azure,azure-sdk-for-java,31434
Azure,azure-sdk-for-java,31435
Azure,azure-sdk-for-java,31504
Azure,azure-sdk-for-java,31730
Azure,azure-sdk-for-java,31732
Azure,azure-sdk-for-java,32104
bbottema,simple-java-mail,424
camunda,camunda-bpm-platform,2022
camunda,zeebe,10258
camunda,zeebe,10429
camunda,zeebe,10454
camunda,zeebe,10549
camunda,zeebe,10595
camunda,zeebe,10597
camunda,zeebe,10635
camunda,zeebe,10642
camunda,zeebe,10646
camunda,zeebe,10665
camunda,zeebe,10683
camunda,zeebe,10693
codecentric,spring-boot-admin,2091
codecentric,spring-boot-admin,2092
codecentric,spring-boot-admin,2094
codecentric,spring-boot-admin,2096
codecentric,spring-boot-admin,2126
codecentric,spring-boot-admin,2127
codecentric,spring-boot-admin,2128
codecentric,spring-boot-admin,2129
codecentric,spring-boot-admin,2133
codecentric,spring-boot-admin,2136
cucumber,cucumber-jvm,2638
cucumber,cucumber-jvm,2639
dadoonet,fscrawler,1510
dadoonet,fscrawler,1518
dianping,cat,2256
docker-java,docker-java,1909
docker-java,docker-java,1937
docker-java,docker-java,1945
docker-java,docker-java,1958
docker-java,docker-java,1961
docker-java,docker-java,1963
docker-java,docker-java,1968
docker-java,docker-java,1970
docker-java,docker-java,1972
docker-java,docker-java,1977
docker-java,docker-java,1978
docker-java,docker-java,1979
docker-java,docker-java,1981
docker-java,docker-java,1982
docker-java,docker-java,1994
dromara,forest,102
dromara,hutool,2684
dromara,hutool,2727
dropwizard,dropwizard,5549
dropwizard,dropwizard,5680
DTStack,chunjun,1288
DTStack,chunjun,1301
DTStack,chunjun,1303
DTStack,chunjun,1374
DTStack,chunjun,1383
dunwu,javacore,43
ebean-orm,ebean,2759
ebean-orm,ebean,2773
ebean-orm,ebean,2826
ebean-orm,ebean,2828
ebean-orm,ebean,2837
eclipse,eclipse-collections,1397
eclipse,eclipse-collections,1398
eclipse,eclipse-collections,1403
eclipse,eclipse-collections,1404
eclipse,eclipse-collections,1406
eclipse,eclipse.jdt.ls,2173
eclipse,jetty.project,8699
eclipse,paho.mqtt.java,951
eclipse,paho.mqtt.java,957
fabric8io,kubernetes-client,4517
fabric8io,kubernetes-client,4521
fabric8io,kubernetes-client,4536
fabric8io,kubernetes-client,4561
fabric8io,kubernetes-client,4570
ff4j,ff4j,587
ff4j,ff4j,589
ff4j,ff4j,593
ff4j,ff4j,595
ff4j,ff4j,596
ff4j,ff4j,597
ff4j,ff4j,598
ff4j,ff4j,600
ff4j,ff4j,602
ff4j,ff4j,603
ff4j,ff4j,604
ff4j,ff4j,609
ff4j,ff4j,610
ff4j,ff4j,612
ff4j,ff4j,615
find-sec-bugs,find-sec-bugs,686
flowable,flowable-engine,3407
flowable,flowable-engine,3475
flowable,flowable-engine,3484
flowable,flowable-engine,3507
flowable,flowable-engine,3510
flowable,flowable-engine,3513
geotools,geotools,4041
googleapis,google-api-java-client,2111
googleapis,google-api-java-client,2181
googleapis,google-api-java-client,2182
googleapis,google-cloud-java,8251
googleapis,google-cloud-java,8444
googleapis,google-cloud-java,8449
googleapis,google-cloud-java,8483
googleapis,google-cloud-java,8567
googleapis,google-cloud-java,8582
googleapis,google-http-java-client,1691
googleapis,google-http-java-client,1767
googleapis,google-http-java-client,1768
google,error-prone,3382
google,error-prone,3428
google,error-prone,3437
google,error-prone,3448
google,error-prone,3449
google,error-prone,3462
google,error-prone,3478
google,error-prone,3483
google,error-prone,3493
google,error-prone,3503
google,error-prone,3504
google,error-prone,3519
google,error-prone,3529
google,google-java-format,847
google,google-java-format,848
google,gson,2145
google,gson,2151
google,gson,2152
google,gson,2189
google,gson,2212
google,gson,2221
google,gson,2231
google,gson,2233
google,gson,2234
google,gson,2235
google,guava,6218
google,guava,6225
google,guava,6232
google,guice,1650
google,libphonenumber,2821
google,libphonenumber,2822
google,libphonenumber,2828
google,libphonenumber,2829
google,truth,1022
graphhopper,graphhopper,2640
graphhopper,graphhopper,2653
graphhopper,graphhopper,2673
graphhopper,graphhopper,2674
gravitee-io,gravitee-api-management,2444
gravitee-io,gravitee-api-management,2491
gravitee-io,gravitee-api-management,2495
gravitee-io,gravitee-api-management,2518
gravitee-io,gravitee-api-management,2521
gravitee-io,gravitee-api-management,2522
gravitee-io,gravitee-api-management,2554
guoguibing,librec,351
hapifhir,hapi-fhir,3896
hapifhir,hapi-fhir,3932
hapifhir,hapi-fhir,3974
hapifhir,hapi-fhir,3977
hapifhir,hapi-fhir,4037
hapifhir,hapi-fhir,4079
hapifhir,hapi-fhir,4112
hapifhir,hapi-fhir,4123
hapifhir,hapi-fhir,4130
hapifhir,hapi-fhir,4134
hawtio,hawtio,2769
hcoles,pitest,1067
hcoles,pitest,1087
helidon-io,helidon,5013
helidon-io,helidon,5168
helidon-io,helidon,5327
helidon-io,helidon,5343
HotswapProjects,HotswapAgent,435
HotswapProjects,HotswapAgent,437
igniterealtime,Openfire,2109
igniterealtime,Openfire,2110
igniterealtime,Openfire,2112
igniterealtime,Openfire,2113
igniterealtime,Openfire,2118
igniterealtime,Openfire,2125
igniterealtime,Openfire,2128
iluwatar,java-design-patterns,2168
iluwatar,java-design-patterns,2181
iluwatar,java-design-patterns,2194
iluwatar,java-design-patterns,2195
iluwatar,java-design-patterns,2272
iluwatar,java-design-patterns,2316
iluwatar,java-design-patterns,2317
iluwatar,java-design-patterns,2318
iluwatar,java-design-patterns,2319
immutables,immutables,1394
immutables,immutables,1406
immutables,immutables,1409
INRIA,spoon,4923
internetarchive,heritrix3,534
internetarchive,heritrix3,535
internetarchive,heritrix3,536
internetarchive,heritrix3,537
jacoco,jacoco,1356
jacoco,jacoco,1367
jacoco,jacoco,1374
jacoco,jacoco,1375
jacoco,jacoco,1379
javalin,javalin,1698
javaparser,javaparser,3684
javaparser,javaparser,3712
javaparser,javaparser,3729
javaparser,javaparser,3733
javaparser,javaparser,3737
javaparser,javaparser,3738
javaparser,javaparser,3747
jdbi,jdbi,2079
jdbi,jdbi,2110
jdbi,jdbi,2123
jdbi,jdbi,2134
jdbi,jdbi,2135
jeecgboot,jeecg-boot,4080
jenkinsci,jenkins,6843
jenkinsci,jenkins,6855
jenkinsci,jenkins,6861
jenkinsci,jenkins,6865
jenkinsci,jenkins,6867
jenkinsci,jenkins,6869
jenkinsci,jenkins,6912
jenkinsci,jenkins,6959
jenkinsci,jenkins,6967
jenkinsci,jenkins,6986
jenkinsci,jenkins,6995
jenkinsci,jenkins,7037
jenkinsci,jenkins,7040
jenkinsci,jenkins,7042
jenkinsci,jenkins,7049
jenkinsci,jenkins,7051
jenkinsci,jenkins,7056
jenkinsci,jenkins,7078
jenkinsci,jenkins,7084
jenkinsci,jenkins,7091
jenkinsci,jenkins,7109
jenkinsci,jenkins,7140
jenkinsci,jenkins,7171
jenkinsci,jenkins,7173
jenkinsci,jenkins,7184
jenkinsci,jenkins,7191
jenkinsci,jenkins,7197
jenkinsci,jenkins,7203
jenkinsci,jenkins,7208
jenkinsci,jenkins,7222
jenkinsci,jenkins,7225
jenkinsci,jenkins,7229
jenkinsci,jenkins,7230
jenkinsci,jenkins,7237
jenkinsci,jenkins,7242
jenkinsci,jenkins,7243
jenkinsci,jenkins,7248
jenkinsci,jenkins,7249
jenkinsci,jenkins,7251
jenkinsci,jenkins,7252
jenkinsci,jenkins,7253
jenkinsci,jenkins,7255
jknack,handlebars.java,1003
jknack,handlebars.java,1012
jknack,handlebars.java,1015
jknack,handlebars.java,1022
jknack,handlebars.java,1024
jknack,handlebars.java,1025
joelittlejohn,jsonschema2pojo,1415
joelittlejohn,jsonschema2pojo,1416
joelittlejohn,jsonschema2pojo,1421
joelittlejohn,jsonschema2pojo,1428
joelittlejohn,jsonschema2pojo,1433
joelittlejohn,jsonschema2pojo,1438
joelittlejohn,jsonschema2pojo,1439
joelittlejohn,jsonschema2pojo,1442
joelittlejohn,jsonschema2pojo,1443
joelittlejohn,jsonschema2pojo,1444
jooby-project,jooby,2646
jooby-project,jooby,2648
jOOQ,jOOQ,14049
jtablesaw,tablesaw,1139
jtablesaw,tablesaw,1145
jtablesaw,tablesaw,1146
jtablesaw,tablesaw,1148
jtablesaw,tablesaw,1149
jtablesaw,tablesaw,1153
kiegroup,drools,4549
kiegroup,drools,4741
kiegroup,drools,4744
kiegroup,drools,4746
kiegroup,optaplanner,2244
knowm,XChange,4527
knowm,XChange,4530
knowm,XChange,4535
knowm,XChange,4566
knowm,XChange,4570
knowm,XChange,4590
knowm,XChart,698
knowm,XChart,701
knowm,XChart,702
konsoletyper,teavm,610
konsoletyper,teavm,637
LibrePDF,OpenPDF,794
LibrePDF,OpenPDF,814
LibrePDF,OpenPDF,815
LibrePDF,OpenPDF,823
LibrePDF,OpenPDF,831
LibrePDF,OpenPDF,834
liquibase,liquibase,3081
liquibase,liquibase,3108
liquibase,liquibase,3185
liquibase,liquibase,3203
liquibase,liquibase,3244
liquibase,liquibase,3274
liquibase,liquibase,3285
liquibase,liquibase,3286
liquibase,liquibase,3301
liquibase,liquibase,3309
liquibase,liquibase,3316
liquibase,liquibase,3324
liquibase,liquibase,3328
liquibase,liquibase,3329
liquibase,liquibase,3331
liquibase,liquibase,3333
liquibase,liquibase,3335
liquibase,liquibase,3338
liquibase,liquibase,3341
liquibase,liquibase,3342
liquibase,liquibase,3348
liquibase,liquibase,3349
liquibase,liquibase,3350
liquibase,liquibase,3355
liquibase,liquibase,3359
liquibase,liquibase,3361
liquibase,liquibase,3362
liquibase,liquibase,3364
liquibase,liquibase,3366
liquibase,liquibase,3367
magefree,mage,9267
magefree,mage,9268
magefree,mage,9277
magefree,mage,9427
magefree,mage,9455
magefree,mage,9463
magefree,mage,9473
magefree,mage,9503
magefree,mage,9528
magefree,mage,9540
magefree,mage,9586
magefree,mage,9616
magefree,mage,9617
magefree,mage,9625
magefree,mage,9638
magefree,mage,9644
mapstruct,mapstruct,2938
mapstruct,mapstruct,2959
mapstruct,mapstruct,2992
mapstruct,mapstruct,2995
mapstruct,mapstruct,3007
mapstruct,mapstruct,3016
mapstruct,mapstruct,3017
mapstruct,mapstruct,3043
mapstruct,mapstruct,3045
mapstruct,mapstruct,3046
mapstruct,mapstruct,3049
MorphiaOrg,morphia,2113
MorphiaOrg,morphia,2126
moshowgame,SpringBootCodeGenerator,136
MyCATApache,Mycat2,737
MyCATApache,Mycat2,738
MyCATApache,Mycat2,739
MyCATApache,Mycat2,740
MyCATApache,Mycat2,754
MyCATApache,Mycat2,755
MyCATApache,Mycat2,756
networknt,light-4j,1342
OpenFeign,feign,1726
OpenFeign,feign,1760
OpenFeign,feign,1772
OpenFeign,feign,1795
OpenFeign,feign,1827
OpenFeign,feign,1828
OpenFeign,feign,1829
OpenFeign,feign,1836
opengoofy,hippo4j,796
openhab,openhab-addons,13276
openhab,openhab-addons,13289
openhab,openhab-addons,13344
openhab,openhab-addons,13520
openmrs,openmrs-core,4115
OpenRefine,OpenRefine,5112
OpenRefine,OpenRefine,5165
OpenRefine,OpenRefine,5294
OpenRefine,OpenRefine,5312
OpenRefine,OpenRefine,5317
OpenRefine,OpenRefine,5321
OpenRefine,OpenRefine,5322
OpenRefine,OpenRefine,5323
OpenRefine,OpenRefine,5327
OpenRefine,OpenRefine,5328
OpenRefine,OpenRefine,5334
opensourceBIM,BIMserver,1273
opensourceBIM,BIMserver,1274
openzipkin,brave,1348
openzipkin,brave,1349
oshi,oshi,2114
oshi,oshi,2210
owner,name,number
pmd,pmd,4050
pmd,pmd,4059
pmd,pmd,4060
pmd,pmd,4110
pmd,pmd,4125
pmd,pmd,4147
pmd,pmd,4150
pmd,pmd,4151
PowerJob,PowerJob,444
PowerJob,PowerJob,467
PowerJob,PowerJob,468
prestodb,presto,18021
prestodb,presto,18044
prestodb,presto,18066
prestodb,presto,18088
prestodb,presto,18143
prestodb,presto,18148
prestodb,presto,18172
prestodb,presto,18173
prestodb,presto,18176
prestodb,presto,18199
prestodb,presto,18212
prestodb,presto,18232
prestodb,presto,18244
prestodb,presto,18248
prestodb,presto,18269
prestodb,presto,18282
prestodb,presto,18303
prestodb,presto,18329
prestodb,presto,18353
prestodb,presto,18364
prestodb,presto,18394
prestodb,presto,18400
prestodb,presto,18443
prestodb,presto,18447
prestodb,presto,18448
prestodb,presto,18452
prestodb,presto,18463
prestodb,presto,18466
prestodb,presto,18475
prometheus,client_java,805
psi-probe,psi-probe,2277
qiujiayu,AutoLoadCache,116
qos-ch,logback,584
qos-ch,logback,586
qos-ch,logback,591
qos-ch,logback,593
qos-ch,logback,598
qos-ch,logback,603
qos-ch,slf4j,303
qos-ch,slf4j,304
qos-ch,slf4j,321
quarkusio,quarkus,26706
quarkusio,quarkus,26760
quarkusio,quarkus,27494
quarkusio,quarkus,27526
quarkusio,quarkus,27560
quarkusio,quarkus,27774
quarkusio,quarkus,27956
quarkusio,quarkus,27966
quarkusio,quarkus,27994
quarkusio,quarkus,28319
quarkusio,quarkus,28327
quarkusio,quarkus,28359
quarkusio,quarkus,28383
quarkusio,quarkus,28487
quarkusio,quarkus,28505
quarkusio,quarkus,28523
quarkusio,quarkus,28545
quarkusio,quarkus,28575
quarkusio,quarkus,28596
quarkusio,quarkus,28768
quarkusio,quarkus,28880
quarkusio,quarkus,28903
quarkusio,quarkus,28999
quarkusio,quarkus,29081
quarkusio,quarkus,29085
quarkusio,quarkus,29108
quarkusio,quarkus,29126
quarkusio,quarkus,29131
quarkusio,quarkus,29185
quarkusio,quarkus,29197
quarkusio,quarkus,29203
quarkusio,quarkus,29204
querydsl,querydsl,3320
querydsl,querydsl,3340
querydsl,querydsl,3346
querydsl,querydsl,3358
querydsl,querydsl,3361
querydsl,querydsl,3367
querydsl,querydsl,3375
querydsl,querydsl,3377
querydsl,querydsl,3378
querydsl,querydsl,3380
querydsl,querydsl,3384
querydsl,querydsl,3389
querydsl,querydsl,3397
querydsl,querydsl,3398
querydsl,querydsl,3415
querydsl,querydsl,3419
questdb,questdb,2388
questdb,questdb,2457
questdb,questdb,2459
questdb,questdb,2577
questdb,questdb,2579
questdb,questdb,2587
questdb,questdb,2594
questdb,questdb,2605
questdb,questdb,2606
questdb,questdb,2608
questdb,questdb,2612
questdb,questdb,2613
questdb,questdb,2621
questdb,questdb,2624
questdb,questdb,2627
questdb,questdb,2630
questdb,questdb,2631
questdb,questdb,2632
questdb,questdb,2633
questdb,questdb,2635
redisson,redisson,4498
redisson,redisson,4502
redisson,redisson,4536
rest-assured,rest-assured,1625
rest-assured,rest-assured,1628
rest-assured,rest-assured,1629
rest-assured,rest-assured,1630
rest-assured,rest-assured,1633
rest-assured,rest-assured,1634
rest-assured,rest-assured,1637
rest-assured,rest-assured,1644
rubenlagus,TelegramBots,1116
rubenlagus,TelegramBots,1124
rubenlagus,TelegramBots,1128
rubenlagus,TelegramBots,1137
sarxos,webcam-capture,873
shopizer-ecommerce,shopizer,801
shopizer-ecommerce,shopizer,807
sofastack,sofa-ark,565
sofastack,sofa-ark,576
sofastack,sofa-ark,586
sofastack,sofa-jraft,884
sofastack,sofa-jraft,890
sofastack,sofa-jraft,892
sofastack,sofa-jraft,893
sofastack,sofa-jraft,896
sofastack,sofa-rpc,1230
sofastack,sofa-rpc,1249
sofastack,sofa-rpc,1250
sofastack,sofa-rpc,1277
sofastack,sofa-rpc,1278
spring-cloud,spring-cloud-config,2134
spring-cloud,spring-cloud-config,2140
spring-cloud,spring-cloud-config,2162
spring-cloud,spring-cloud-config,2171
spring-cloud,spring-cloud-config,2172
spring-cloud,spring-cloud-config,2176
spring-cloud,spring-cloud-gateway,2668
spring-cloud,spring-cloud-gateway,2669
spring-cloud,spring-cloud-gateway,2670
spring-cloud,spring-cloud-gateway,2671
spring-cloud,spring-cloud-gateway,2693
spring-cloud,spring-cloud-gateway,2702
spring-cloud,spring-cloud-gateway,2721
spring-cloud,spring-cloud-gateway,2733
spring-cloud,spring-cloud-gateway,2745
spring-cloud,spring-cloud-gateway,2750
spring-cloud,spring-cloud-kubernetes,1095
spring-cloud,spring-cloud-kubernetes,1096
spring-cloud,spring-cloud-kubernetes,1097
spring-cloud,spring-cloud-kubernetes,1100
spring-cloud,spring-cloud-netflix,4117
spring-cloud,spring-cloud-netflix,4124
springdoc,springdoc-openapi,1823
springdoc,springdoc-openapi,1834
springdoc,springdoc-openapi,1878
spring-projects,spring-batch,4185
spring-projects,spring-batch,4203
spring-projects,spring-batch,4208
spring-projects,spring-batch,4209
spring-projects,spring-batch,4210
spring-projects,spring-batch,4216
spring-projects,spring-batch,4220
spring-projects,spring-batch,4221
spring-projects,spring-data-jpa,2639
spring-projects,spring-data-jpa,2651
spring-projects,spring-data-mongodb,4114
spring-projects,spring-data-mongodb,4177
spring-projects,spring-data-mongodb,4181
spullara,mustache.java,283
swagger-api,swagger-core,4216
swagger-api,swagger-core,4221
swagger-api,swagger-core,4246
swagger-api,swagger-core,4262
ta4j,ta4j,891
ta4j,ta4j,892
ta4j,ta4j,894
ta4j,ta4j,895
ta4j,ta4j,897
ta4j,ta4j,898
ta4j,ta4j,900
ta4j,ta4j,907
ta4j,ta4j,909
ta4j,ta4j,915
techa03,goodsKill,167
thingsboard,thingsboard,6943
thingsboard,thingsboard,6986
thingsboard,thingsboard,7082
thingsboard,thingsboard,7162
thingsboard,thingsboard,7204
thingsboard,thingsboard,7222
thingsboard,thingsboard,7236
thingsboard,thingsboard,7237
thingsboard,thingsboard,7238
thingsboard,thingsboard,7247
thingsboard,thingsboard,7248
thingsboard,thingsboard,7250
thingsboard,thingsboard,7267
thingsboard,thingsboard,7275
thingsboard,thingsboard,7278
thingsboard,thingsboard,7290
thingsboard,thingsboard,7297
thingsboard,thingsboard,7304
thingsboard,thingsboard,7311
thingsboard,thingsboard,7324
thingsboard,thingsboard,7326
thingsboard,thingsboard,7333
thingsboard,thingsboard,7337
thingsboard,thingsboard,7356
thingsboard,thingsboard,7360
thingsboard,thingsboard,7365
thingsboard,thingsboard,7367
thingsboard,thingsboard,7370
thingsboard,thingsboard,7373
thingsboard,thingsboard,7375
thingsboard,thingsboard,7376
thingsboard,thingsboard,7377
thingsboard,thingsboard,7381
thingsboard,thingsboard,7386
thingsboard,thingsboard,7387
thingsboard,thingsboard,7394
thingsboard,thingsboard,7395
thingsboard,thingsboard,7403
trinodb,trino,13201
trinodb,trino,13230
trinodb,trino,13294
trinodb,trino,13311
trinodb,trino,13359
trinodb,trino,13401
trinodb,trino,13493
trinodb,trino,13497
trinodb,trino,13733
trinodb,trino,13800
trinodb,trino,13838
trinodb,trino,13895
trinodb,trino,13926
trinodb,trino,13974
trinodb,trino,13980
trinodb,trino,13991
trinodb,trino,14209
trinodb,trino,14243
trinodb,trino,14271
trinodb,trino,14345
trinodb,trino,14375
trinodb,trino,14392
trinodb,trino,14406
trinodb,trino,14426
trinodb,trino,14476
trinodb,trino,14525
trinodb,trino,14527
trinodb,trino,14547
trinodb,trino,14549
trinodb,trino,14553
trinodb,trino,14561
trinodb,trino,14569
trinodb,trino,14573
trinodb,trino,14589
trinodb,trino,14590
trinodb,trino,14597
trinodb,trino,14604
vespa-engine,vespa,24406
vipshop,vjtools,200
vipshop,vjtools,201
vipshop,vjtools,202
vipshop,vjtools,203
vipshop,vjtools,204
vipshop,vjtools,205
vladmihalcea,hibernate-types,491
vladmihalcea,hibernate-types,493
vladmihalcea,high-performance-java-persistence,81
winder,Universal-G-Code-Sender,2000
xkcoding,spring-boot-demo,235
xuxueli,xxl-job,2932
xuxueli,xxl-job,2935
xuxueli,xxl-job,2941
xuxueli,xxl-job,2957
xuxueli,xxl-job,2972
xuxueli,xxl-job,2980
xuxueli,xxl-job,2999
xuxueli,xxl-job,3001
xuxueli,xxl-job,3004
xuxueli,xxl-job,3005
xuxueli,xxl-job,3006
zalando,logbook,1362
zalando,logbook,1363
zalando,logbook,1373
