BASE,BREAKINGCHANGES,BROKENCLIENTS,BROKENUSES,CHANGEDFILES,CHECKEDCLIENTS,HEAD,IMPACTEDPACKAGES,NAME,NUMBER,OWNER,SECONDS
main,0,0,0,18,0,lambda-roles,6,quarkus,28545,quarkusio,187
main,0,0,0,158,0,feature/doc-summaries,0,quarkus,28523,quarkusio,9
main,0,0,0,4,0,silent_jwt_auth_mechanism,1,quarkus,28505,quarkusio,47
main,0,0,0,128,0,otel-autoconfigure-2,2,quarkus,28487,quarkusio,64
main,0,0,0,8,0,csrf_multipart_media_type,2,quarkus,28383,quarkusio,96
main,0,0,0,20,0,record-inside-panache,5,quarkus,28359,quarkusio,170
main,0,0,0,11,0,keycloak_devservices_multiple_realms,2,quarkus,28327,quarkusio,79
main,0,0,0,1,0,kafka-guide-hibernate,0,quarkus,28319,quarkusio,7
main,0,0,0,90,0,panache_events,2,quarkus,27994,quarkusio,89
main,0,0,0,34,0,optimisticLockControl,1,quarkus,27966,quarkusio,65
main,0,0,0,21,0,skip_verify_host,6,quarkus,27956,quarkusio,178
main,0,0,0,1,0,patch-1,0,quarkus,27774,quarkusio,8
main,0,0,0,5,0,kafka-related-docker-images,2,quarkus,27560,quarkusio,93
main,10,0,0,63,0,rr-multipart-beanparam,13,quarkus,27526,quarkusio,250
main,0,0,0,14,0,kubernetes_config_expand,2,quarkus,27494,quarkusio,78
main,0,0,0,118,0,otel-autoconfig,7,quarkus,26760,quarkusio,222
main,0,0,0,6,0,issue_25417,2,quarkus,26706,quarkusio,74
master,0,0,0,1,0,master,1,gson,2221,google,8
master,0,0,0,5,0,marcono1234/automatically-replace-version-on-release,1,gson,2212,google,8
master,0,0,0,9,0,marcono1234/anonymous-local-exception,1,gson,2189,google,8
master,0,0,0,4,0,marcono1234/LinkedTreeMap-non-Comparable-keys,1,gson,2152,google,7
master,0,0,0,12,0,marcono1234/JsonTreeReader-JsonTreeWriter-settings-propagation,2,gson,2151,google,11
master,0,0,0,1,0,master,1,gson,2145,google,8
master,0,0,0,2,0,comment_whitespace_removal,1,javaparser,3712,javaparser,25
master,0,0,0,1,0,fix/JLL/zip-slip-vulnerability,1,javaparser,3684,javaparser,28
master,0,0,0,2,0,snyk-fix-509f417be4133fe03228a650c906e8f7,0,shopizer,807,shopizer-ecommerce,5
master,0,0,0,2,0,snyk-fix-50568ae1c59429804a1f58f08fa5f549,0,shopizer,801,shopizer-ecommerce,5
master,0,0,0,5,0,micrometer-plugin,0,javalin,1698,javalin,2
master,0,0,0,2,0,dependabot/maven/slf4j.version-2.0.3,0,querydsl,3398,querydsl,3
master,0,0,0,2,0,dependabot/maven/hibernate.version-5.6.12.Final,0,querydsl,3397,querydsl,3
master,0,0,0,1,0,dependabot/maven/org.springframework.boot-spring-boot-starter-parent-2.7.4,0,querydsl,3389,querydsl,3
master,0,0,0,2,0,dependabot/maven/org.apache.maven.plugins-maven-jar-plugin-3.3.0,0,querydsl,3384,querydsl,3
master,0,0,0,2,0,dependabot/maven/org.springframework-spring-jdbc-5.3.23,0,querydsl,3380,querydsl,3
master,0,0,0,2,0,dependabot/maven/spring.version-5.3.23,0,querydsl,3378,querydsl,3
master,0,0,0,1,0,dependabot/maven/org.eclipse.jdt-ecj-3.31.0,0,querydsl,3377,querydsl,3
master,0,0,0,2,0,dependabot/maven/org.hibernate.validator-hibernate-validator-8.0.0.Final,0,querydsl,3375,querydsl,3
master,0,0,0,1,0,EntityType-source-ordered-properties,1,querydsl,3367,querydsl,5
master,0,0,0,1,0,dependabot/maven/org.hibernate.common-hibernate-commons-annotations-6.0.4.Final,0,querydsl,3361,querydsl,4
master,0,0,0,1,0,dependabot/maven/dn.version-6.0.1,0,querydsl,3358,querydsl,3
master,0,0,0,3,0,master,0,querydsl,3346,querydsl,4
master,0,0,0,1,0,dependabot/maven/org.joda-joda-money-1.0.2,0,querydsl,3340,querydsl,3
master,0,0,0,5,0,feature/update-dependencies,0,querydsl,3320,querydsl,3
master,0,0,0,1,0,dependabot/maven/com.tngtech.archunit-archunit-junit5-1.0.0,0,docker-java,1979,docker-java,2
master,0,0,0,1,0,dependabot/maven/com.tngtech.archunit-archunit-1.0.0,0,docker-java,1978,docker-java,2
master,0,0,0,1,0,dependabot/maven/org.testcontainers-testcontainers-1.17.5,0,docker-java,1977,docker-java,2
master,0,0,0,11,0,bnd,0,docker-java,1972,docker-java,2
master,0,0,0,1,0,dependabot/maven/org.slf4j-slf4j-jdk14-2.0.3,0,docker-java,1970,docker-java,2
master,0,0,0,2,0,dependabot/maven/slf4j-api.version-2.0.3,0,docker-java,1968,docker-java,2
master,2,0,0,4,28,issue-1258,3,docker-java,1963,docker-java,223
master,0,0,0,1,0,dependabot/maven/org.junit.jupiter-junit-jupiter-5.9.1,0,docker-java,1961,docker-java,2
master,0,0,0,2,0,junixsocket_2.5.1,1,docker-java,1958,docker-java,17
master,0,0,0,1,0,dependabot/maven/org.immutables-value-2.9.2,0,docker-java,1945,docker-java,2
master,0,0,0,2,0,dependabot/maven/jackson.version-2.13.4,0,docker-java,1937,docker-java,2
master,0,0,0,3,0,rwmajor2/mcr_mem_stats,2,docker-java,1909,docker-java,19
master,0,0,0,4,0,fix_delete_segment_api,2,pinot,9579,apache,104
master,0,0,0,12,0,pinot_version,5,pinot,9578,apache,190
master,0,0,0,9,0,pr_add_v2_timeout,2,pinot,9571,apache,100
master,0,0,0,8,0,distinct_fix,2,pinot,9570,apache,103
master,0,0,0,29,0,stage_refactor,2,pinot,9560,apache,104
master,0,0,0,2,0,bugFix-issue-9555,1,pinot,9556,apache,33
master,0,0,0,5,0,segmentNameGeneration,4,pinot,9550,apache,147
master,1,0,0,44,2,with_tz,6,pinot,9546,apache,178
master,0,0,0,4,0,dict_size_patch,3,pinot,9527,apache,73
master,2,0,0,15,3,consumer-lag,6,pinot,9515,apache,197
master,0,0,0,11,0,decoder_error_patch,4,pinot,9511,apache,143
master,0,0,0,6,0,fwdIndexHandlerMV,2,pinot,9510,apache,70
master,0,0,0,16,0,limit_pushdown,3,pinot,9507,apache,139
master,0,0,0,8,0,segment_retention_time_patch,4,pinot,9505,apache,139
master,0,0,0,7,0,IpAddress,2,pinot,9501,apache,66
master,0,0,0,22,0,join-opt-2,2,pinot,9484,apache,100
master,0,0,0,8,0,ts_with_tz,4,pinot,9480,apache,143
master,0,0,0,8,0,master,2,pinot,9471,apache,105
master,0,0,0,2,0,add_table_cache_for_server,2,pinot,9442,apache,99
master,0,0,0,23,0,compatible-dropwizard-metrics,2,pinot,9416,apache,40
master,4,0,0,40,1,function_registry,5,pinot,9397,apache,215
master,0,0,0,3,0,and_evaluation_enhancement_2,1,pinot,9370,apache,57
master,4,0,0,16,1,boolean_literals,5,pinot,9322,apache,201
master,1,0,0,17,1,multi_datadirs_segment_loader,6,pinot,9306,apache,177
master,0,0,0,5,0,xd-tls-config-reference,1,pinot,9264,apache,63
master,0,0,0,8,0,tm/parse_tableName_from_query,2,pinot,9263,apache,106
master,0,0,0,3,0,dependabot/maven/org.apache.maven.plugins-maven-enforcer-plugin-3.1.0,0,pinot,9248,apache,9
master,0,0,0,15,0,tm/tmp,4,pinot,9216,apache,114
master,0,0,0,5,0,dtmn-seg,2,pinot,9199,apache,96
master,0,0,0,3,0,jadami/render-tables-on-load,1,pinot,9198,apache,58
master,0,0,0,5,0,issue_9045,2,pinot,9163,apache,61
master,0,0,0,4,0,read-parquet-bin-as-text,1,pinot,9112,apache,25
master,2,0,0,11,2,message-header,6,pinot,9096,apache,177
master,0,0,0,1,0,dependabot/npm_and_yarn/pinot-controller/src/main/resources/terser-4.8.1,0,pinot,9085,apache,10
master,11,0,0,33,2,4471,7,kubernetes-client,4490,fabric8io,749
master,0,0,0,1,0,fix/JLL/zip-slip-vulnerability,1,javacore,43,dunwu,7
master,0,0,0,1,0,oscs_fix_cd36l00au51of7vbl1fg,0,jacoco,1375,jacoco,2
master,0,0,0,1,0,oscs_fix_cd36kroau51of7vbl1eg,0,jacoco,1374,jacoco,3
master,0,0,0,1,0,dependabot/maven/org.jacoco.core.test.validation.scala/org.scala-lang-scala-library-2.13.9,0,jacoco,1367,jacoco,2
master,0,0,0,4,0,issue-1112,2,jacoco,1356,jacoco,27
master,0,0,0,1,0,fix-test-code,1,feign,1795,OpenFeign,5
master,0,0,0,2,0,patch-1,1,feign,1772,OpenFeign,6
master,0,0,0,17,0,micrometerObservations,2,feign,1760,OpenFeign,7
master,0,0,0,3,0,feature-fix-and-improve-default-retryer,2,feign,1726,OpenFeign,7
main,26,0,0,24,0,feature/swaggerUpdate,1,azure-sdk-for-java,31435,Azure,114
main,0,0,0,5,0,fix-fr-pipeline,1,azure-sdk-for-java,31434,Azure,110
main,0,0,0,15,0,increment-package-version-appconfiguration-1913922,0,azure-sdk-for-java,31431,Azure,52
main,0,0,0,6,0,release/azure-data-tables/12.3.5,0,azure-sdk-for-java,31429,Azure,52
main,0,0,0,8,0,oscs_fix_cd375agau51of7vbl250,0,azure-sdk-for-java,31414,Azure,49
feature/spring-boot-3,0,0,0,212,0,moary/update-spring-cloud-azure-sb3m5-sc2022m5,1,azure-sdk-for-java,31410,Azure,121
main,0,0,0,7,0,webpubsub_prepare-patch-release,0,azure-sdk-for-java,31409,Azure,51
main,0,0,0,4,0,increment-package-version-digitaltwins-1910043,0,azure-sdk-for-java,31408,Azure,52
feature/ta-2022-10-01-preview,2,0,0,31,2,TA-healthcare,1,azure-sdk-for-java,31386,Azure,121
main,0,0,0,4,0,perf-tools-repo-commitish,0,azure-sdk-for-java,31315,Azure,51
feature/storage/stg85base,0,0,0,18,0,stg85base/appendLease,2,azure-sdk-for-java,31263,Azure,128
main,0,0,0,1,0,ostoliarova/communication-identity/add_kind_property,0,azure-sdk-for-java,31211,Azure,44
main,32,17,2499,51,56,prep-identity-patch-release-sep-2022-oob,1,azure-sdk-for-java,31034,Azure,276
feature/storage/stg85base,0,0,0,14,0,stg85base/filesInvalidXML,1,azure-sdk-for-java,31002,Azure,117
main,76,16,2281,180,30,feature/sync-stack,15,azure-sdk-for-java,30961,Azure,502
main,0,0,0,1,0,update-storage-perf,0,azure-sdk-for-java,30960,Azure,55
main,0,0,0,36,0,anomaly-detector-sync,1,azure-sdk-for-java,30875,Azure,106
main,0,0,0,329,0,AzStorage_RegenerateWithHeaderImprovements,4,azure-sdk-for-java,30858,Azure,155
main,0,0,0,2,0,bump-stg-version,0,azure-sdk-for-java,30744,Azure,52
main,0,0,0,15,0,nio-default-filesystem,2,azure-sdk-for-java,30728,Azure,118
main,0,0,0,5,0,aigerimb/azure-communication-identity/cte_tests_pipeline_run,1,azure-sdk-for-java,30505,Azure,123
main,0,0,0,1,0,mgmt_cdnsample_hostname,1,azure-sdk-for-java,30460,Azure,110
main,0,0,0,1,0,fix-typo-rmt,1,azure-sdk-for-java,30214,Azure,116
master,0,0,0,4,0,service-loader,1,slf4j,304,qos-ch,9
master,0,0,0,1,0,version-sanity-check-fix,1,slf4j,303,qos-ch,8
main,0,0,0,13,0,exemplars-support-for-micrometer-tracing,0,client_java,805,prometheus,2
main,0,0,0,1113,0,new-release-please-forked,0,google-cloud-java,8582,googleapis,32
chingor-test,0,0,0,1107,0,release-please--branches--chingor-test,0,google-cloud-java,8567,googleapis,32
main,0,0,0,1082,0,release-please-forked,0,google-cloud-java,8483,googleapis,35
main,0,0,0,1400,0,main-diff_non_java,0,google-cloud-java,8449,googleapis,35
main,0,0,0,1118,0,release-please--branches--main,0,google-cloud-java,8444,googleapis,32
main,0,0,0,827,0,staging-branch,0,google-cloud-java,8251,googleapis,32
master,0,0,0,1,0,oscs_fix_cct7ig8au51ofid2l2kg,0,tablesaw,1153,jtablesaw,6
master,0,0,0,1,0,issue-1147,1,tablesaw,1149,jtablesaw,19
master,0,0,0,1,0,upgrade-smile-to-2.6.0,0,tablesaw,1148,jtablesaw,6
master,0,0,0,2,0,axis-config-fix,1,tablesaw,1146,jtablesaw,23
master,0,0,0,3,0,multi-column-pivot,1,tablesaw,1145,jtablesaw,19
master,0,0,0,1,0,patch-1,1,tablesaw,1139,jtablesaw,23
helidon-3.x,0,0,0,4,0,tracing-header-case-3.x,3,helidon,5013,helidon-io,35
master,0,0,0,5,0,origin/dynamic-pwd,1,paho.mqtt.java,957,eclipse,7
develop,0,0,0,2,0,master,2,paho.mqtt.java,951,eclipse,9
3.1,0,0,0,3,0,feat/timeout_countdown,3,dubbo,10741,apache,66
3.2,0,0,0,5,0,10727,1,dubbo,10728,apache,30
3.2,21,0,0,32,1,enqueueSoon,2,dubbo,10726,apache,55
3.2,2,0,0,6,1,1010_ssl,2,dubbo,10720,apache,68
3.1,0,0,0,7,0,3.1,1,dubbo,10698,apache,76
3.2,2,0,0,31,1,feat-xds-route,1,dubbo,10695,apache,52
3.2,0,0,0,10,0,0928_dual_route,2,dubbo,10691,apache,38
3.1,0,0,0,8,0,3.1-issue10682,4,dubbo,10683,apache,138
3.1,7,0,0,29,1,triple-flowcontrol,1,dubbo,10672,apache,39
3.2,0,0,0,6,0,feature/self_define_exception_body,1,dubbo,10667,apache,32
3.2,4,1,1,59,18,Supports_thread_pool_isolation_between_services,8,dubbo,10658,apache,301
3.1,0,0,0,6,0,develop,1,dubbo,10642,apache,30
3.2,1,0,0,13,1,10558,2,dubbo,10587,apache,44
2.6.x,0,0,0,1,0,2.6.x,1,dubbo,10378,apache,7
master,0,0,0,111,0,inherited_symbols,2,eclipse.jdt.ls,2173,eclipse,11
main,0,0,0,14,0,release-please--branches--main,0,google-api-java-client,2111,googleapis,3
main,0,0,0,14,0,junit4,1,mustache.java,283,spullara,8
master,0,0,0,3,0,oscs_fix_cd3aeggau51of7vbl2u0,0,vjtools,204,vipshop,2
master,0,0,0,1,0,oscs_fix_cd3775gau51of7vbl28g,0,vjtools,203,vipshop,2
master,0,0,0,1,0,oscs_fix_cd374egau51of7vbl22g,0,vjtools,202,vipshop,2
master,0,0,0,1,0,dependabot/maven/vjkit/com.fasterxml.jackson.core-jackson-databind-2.12.6.1,0,vjtools,201,vipshop,2
master,0,0,0,1,0,master,0,vjtools,200,vipshop,2
master,0,0,0,1,0,oscs_fix_cd36k68au51of7vbl1b0,0,rest-assured,1634,rest-assured,2
master,0,0,0,1,0,oscs_fix_cd36gl8au51of7vbl140,0,rest-assured,1633,rest-assured,2
master,0,0,0,1,0,dependabot/maven/examples/scala-mock-mvc-example/org.scala-lang-scala-library-2.13.9,0,rest-assured,1630,rest-assured,5
master,0,0,0,1,0,dependabot/maven/examples/scala-example/org.scala-lang-scala-library-2.13.9,0,rest-assured,1629,rest-assured,2
master,0,0,0,1,0,dependabot/maven/modules/scala-support/org.scala-lang-scala-library-2.13.9,0,rest-assured,1628,rest-assured,2
master,0,0,0,4,0,add-content-type-accepts-spring-mediatype,2,rest-assured,1625,rest-assured,16
2.2.x,0,0,0,1,0,dependabot/maven/2.2.x/com.github.spotbugs-spotbugs-maven-plugin-4.7.2.1,0,morphia,2113,MorphiaOrg,2
main,0,0,0,17,0,release-please--branches--main,0,google-http-java-client,1691,googleapis,2
develop,0,0,0,1,0,patch-3,1,ta4j,900,ta4j,11
develop,0,0,0,4,0,improve_MaximumDrawdownCriterion,1,ta4j,898,ta4j,12
develop,0,0,0,1,0,correct_CashFlow_finalIndex,1,ta4j,897,ta4j,11
develop,20,3,4,31,26,simplify_PnlPackage,2,ta4j,895,ta4j,60
develop,8,3,4,8,26,add_PositionsRatioCriterion,2,ta4j,894,ta4j,49
develop,0,0,0,1,0,patch-2,1,ta4j,892,ta4j,10
develop,0,0,0,1,0,patch-1,1,ta4j,891,ta4j,11
main,0,0,0,1,0,dependabot/maven/jOOQ-checker/com.google.protobuf-protobuf-java-3.16.3,0,jOOQ,14049,jOOQ,3
master,0,0,0,1,0,master,1,HotswapAgent,437,HotswapProjects,13
master,0,0,0,1,0,master,1,HotswapAgent,435,HotswapProjects,14
3.0.0,0,0,0,1,0,dependabot/maven/core/org.apache.hadoop-hadoop-common-3.3.3,0,librec,351,guoguibing,7
master,0,0,0,1,0,master,1,logback,598,qos-ch,9
master,0,0,0,1,0,master,1,logback,593,qos-ch,13
master,0,0,0,3,0,less-fail-in-tests,1,logback,591,qos-ch,13
branch_1.3.x,0,0,0,3,0,fix-jetty-requestlog,1,logback,586,qos-ch,14
master,0,0,0,1,0,rename-util-test-tempfile-location,1,logback,584,qos-ch,13
master,0,0,0,1,0,oscs_fix_cd36340au51of7vbl100,0,error-prone,3478,google,4
master,0,0,0,1,0,fix-disable-all-warnings,1,error-prone,3462,google,16
master,0,0,0,1,0,dependabot/maven/docgen/org.yaml-snakeyaml-1.31,0,error-prone,3449,google,3
master,0,0,0,1,0,test_463335590,1,error-prone,3448,google,37
master,0,0,0,3,0,rossendrijver/invalidparam_records,2,error-prone,3437,google,49
master,0,0,0,2,0,rossendrijver/unusedmethod_improvements,1,error-prone,3428,google,37
master,0,0,0,1,0,dependabot/maven/org.assertj-assertj-core-3.23.1,0,error-prone,3382,google,3
dev,0,0,0,3,0,dependabot/maven/telegrambots-chat-session-bot/org.apache.shiro-shiro-core-1.10.0,0,TelegramBots,1128,rubenlagus,2
dev,1,1,1,7,5,remove-json-dependency,3,TelegramBots,1124,rubenlagus,44
dev,1,0,0,3,5,dev,1,TelegramBots,1116,rubenlagus,24
master,0,0,0,3,0,fix-docs,1,truth,1022,google,12
master,0,0,0,7,0,bidistream,2,sofa-jraft,890,sofastack,21
master,0,0,0,1,0,master,0,sofa-jraft,884,sofastack,3
master,0,0,0,7,0,bd-20221011-fix_generic_single/multi_goals_for_R5,1,hapi-fhir,4134,hapifhir,86
master,4,0,0,132,16,ja_20221011_transactional_cleanup,15,hapi-fhir,4130,hapifhir,978
master,5,0,0,77,0,3052-maximum-size-int-to-long,3,hapi-fhir,4123,hapifhir,161
master,28,0,0,63,34,ja_20220926_sharded_db,10,hapi-fhir,4112,hapifhir,575
master,0,0,0,1,0,patch-2,0,hapi-fhir,4079,hapifhir,25
master,0,0,0,9,0,4017-creating-a-searchparameter-with-an-expression-referencing-metasecurity-will-return-error-hapi-1118,4,hapi-fhir,4037,hapifhir,454
master,0,0,0,57,0,cache-service-loaders,9,hapi-fhir,3977,hapifhir,219
master,0,0,0,3,0,3973-update-client-and-server-pointcut-diagrams,0,hapi-fhir,3974,hapifhir,25
master,16,0,0,223,92,rel_6_1,18,hapi-fhir,3932,hapifhir,838
master,2,1,1,11,96,3764-dotasek-wip-npm-support-,3,hapi-fhir,3896,hapifhir,466
master,0,0,0,2,0,oscs_fix_cd3c6m0au51of7vbl34g,0,storm,3497,apache,5
master,0,0,0,2,0,oscs_fix_cd39bl8au51of7vbl2lg,0,storm,3496,apache,5
master,0,0,0,2,0,oscs_fix_cd377bgau51of7vbl290,0,storm,3495,apache,5
master,0,0,0,2,0,oscs_fix_cd376r8au51of7vbl27g,0,storm,3494,apache,5
master,0,0,0,2,0,travis-s390x,0,storm,3492,apache,5
1.1.x-branch,0,0,0,4,0,1.1.x-branch,0,storm,3489,apache,4
master,2,0,0,46,1,wasi,4,teavm,610,konsoletyper,67
main,0,0,0,18,0,18341-GroovyUpgradeTo4.x,0,camel,8102,apache,16
master,0,0,0,1,0,dependabot/maven/ff4j-security-shiro/org.apache.shiro-shiro-core-1.10.0,0,ff4j,603,ff4j,2
master,0,0,0,1,0,snyk-fix-aecce1667c2d59ba37477d4b35c90b1c,0,ff4j,602,ff4j,2
master,0,0,0,2,0,snyk-fix-65805808592672b6a1d29fdf2f4fb87e,0,ff4j,600,ff4j,2
master,0,0,0,1,0,patch-1,1,ff4j,598,ff4j,13
master,0,0,0,1,0,dependabot/maven/ff4j-store-springjdbc/org.postgresql-postgresql-42.3.7,0,ff4j,597,ff4j,2
master,0,0,0,1,0,snyk-fix-1781f7eaf1d9860a197465cec5f82397,0,ff4j,596,ff4j,2
master,0,0,0,1,0,snyk-fix-cf76ce1ee83b69b44b1b2d88648f6a64,0,ff4j,595,ff4j,2
master,0,0,0,1,0,snyk-fix-e105e5062d766eac2b79bb9244d0a29d,0,ff4j,593,ff4j,3
master,0,0,0,1,0,snyk-fix-d24fb62eb0b06955b9b787c79296893c,0,ff4j,589,ff4j,2
master,0,0,0,1,0,snyk-fix-6ee461166de1d9700e177290570557d7,0,ff4j,587,ff4j,2
master,0,0,0,2,0,hbase-27422,1,hbase,4827,apache,16
branch-2.5,0,0,0,1,0,branch2.5-HBASE-25166,1,hbase,4826,apache,15
branch-2,0,0,0,1,0,branch2-HBASE-25166,1,hbase,4825,apache,16
master,0,0,0,2,0,HBASE-26967,2,hbase,4820,apache,22
HBASE-27109/table_based_rqs,0,0,0,88,0,HBASE-27217,3,hbase,4810,apache,27
HBASE-27109/table_based_rqs,0,0,0,22,0,HBASE-27218,4,hbase,4808,apache,31
master,0,0,0,10,0,HBASE-27355,3,hbase,4801,apache,26
master,0,0,0,11,0,prefetchcost,3,hbase,4799,apache,26
master,0,0,0,8,0,HBASE-21521,1,hbase,4788,apache,16
branch-2,0,0,0,20,0,HBASE-26809_branch-2,2,hbase,4786,apache,21
master,0,0,0,2,0,master,1,hbase,4785,apache,16
master,0,0,0,12,0,HBASE-27329,2,hbase,4782,apache,21
master,0,0,0,2,0,HBASE-27369,1,hbase,4780,apache,16
master,0,0,0,1,0,master,1,hbase,4774,apache,16
branch-2,0,0,0,89,0,HBASE-27238-backport-backup-restore-to-2.x,2,hbase,4770,apache,19
master,0,0,0,1,0,optimizesync,1,hbase,4765,apache,16
master,0,0,0,1,0,HBASE-27354,1,hbase,4756,apache,15
master,0,0,0,39,0,HBASE-26553_rebase,1,hbase,4733,apache,16
master,0,0,0,1,0,HBASE-27333,1,hbase,4732,apache,16
master,0,0,0,10,0,FSHLogMerge,1,hbase,4721,apache,16
master,0,0,0,6,0,HBASE-27315,2,hbase,4720,apache,21
master,0,0,0,2,0,HBASE-27316,1,hbase,4719,apache,16
master,0,0,0,3,0,master,2,hbase,4670,apache,31
master,0,0,0,4,0,master.HBASE-27250,1,hbase,4664,apache,17
master,0,0,0,19,0,HBASE-27245,4,hbase,4661,apache,31
master,0,0,0,1,0,HBASE-27249,1,hbase,4660,apache,16
main,0,0,0,7,0,task/3452-throw-bpmn-exception-task-listener,1,flowable-engine,3484,flowable,42
main,0,0,0,2,0,main-dev,0,flowable-engine,3475,flowable,13
main,4,1,1,7,25,main,1,flowable-engine,3407,flowable,116
main,0,0,0,1,0,dependabot/maven/org.glassfish.jaxb-jaxb-runtime-4.0.1,0,shiro,433,apache,3
8.29.x,0,0,0,217,0,8.29.0.Final-zf9ciusdvp,0,drools,4746,kiegroup,9
main,0,0,0,10,0,tarilabs-20221011-DROOLS-7156,1,drools,4744,kiegroup,15
main,0,0,0,9,0,DROOLS-7045-mutable,2,drools,4741,kiegroup,19
main,0,0,0,15,0,d7070,7,drools,4549,kiegroup,39
master,17,0,0,16,0,modify-shenyu-sdk,9,shenyu,4060,apache,70
master,0,0,0,16,0,master,2,shenyu,3774,apache,22
master,0,0,0,24,0,3713,2,shenyu,3756,apache,18
master,0,0,0,1,0,dependabot/maven/tools/java/cpp-build/com.google.protobuf-protobuf-java-3.16.3,0,libphonenumber,2829,google,8
master,0,0,0,1,0,dependabot/maven/metadata/com.google.protobuf-protobuf-java-3.16.3,0,libphonenumber,2828,google,5
master,0,0,0,3,0,test_example_csv_table_schema_change,1,libphonenumber,2822,google,10
master,12,4,34,588,93,katbohm-patch-1,3,libphonenumber,2821,google,275
main,0,0,0,18,0,shelly_snapshot_3.4pr5,1,openhab-addons,13520,openhab,70
main,0,0,0,2,0,dependabot/maven/bundles/org.openhab.transform.jinja/org.jsoup-jsoup-1.15.3,0,openhab-addons,13344,openhab,11
main,0,0,0,676,0,addons_xml,1,openhab-addons,13289,openhab,29
main,0,0,0,17,0,java_17,0,openhab-addons,13276,openhab,8
main,0,0,0,22,0,NIFI-10625,2,nifi,6514,apache,50
main,0,0,0,29,0,NIFI-10614,0,nifi,6498,apache,10
master,0,0,0,3,0,fine-tuning,1,easyexcel,2758,alibaba,16
master,0,0,0,1,0,master,1,easyexcel,2728,alibaba,17
master,0,0,0,1,0,master,1,easyexcel,2656,alibaba,16
developing,0,0,0,1,0,developing,0,easyexcel,2643,alibaba,12
master,0,0,0,1,0,fix/deprecated_doc,1,easyexcel,2607,alibaba,18
developing,0,0,0,8,0,developing,2,easyexcel,2598,alibaba,20
master,0,0,0,13,0,developing,1,easyexcel,2591,alibaba,18
master,1,0,0,26,3,dev,2,sofa-ark,576,sofastack,33
master,0,0,0,1,0,fix/JLL/zip-slip-vulnerability,1,sofa-ark,565,sofastack,15
develop,0,0,0,1,0,dependabot/maven/org.openjfx-javafx-swing-19,0,XChart,702,knowm,3
develop,0,0,0,1,0,dependabot/maven/org.openjfx-javafx-controls-19,0,XChart,701,knowm,2
develop,0,0,0,3,0,pieChartLabelGenerator,1,XChart,698,knowm,6
main,0,0,0,2,0,GH-1617,1,spring-batch,4210,spring-projects,44
main,0,0,0,43,0,GH-1014,2,spring-batch,4209,spring-projects,41
,0,0,0,0,0,,0,spring-batch,4208,spring-projects,3
main,0,0,0,2,0,File-delete,1,spring-batch,4203,spring-projects,25
main,0,0,0,4,0,GH-4151,1,spring-batch,4185,spring-projects,28
master,0,0,0,18,0,master,1,forest,102,dromara,14
master,0,0,0,196,0,maps2_via_maven_from_npm,0,graphhopper,2674,graphhopper,6
master,3,0,0,6,15,read_via_way_restrictions2,1,graphhopper,2673,graphhopper,95
master,0,0,0,2,0,upgrade_to_dropwizard2.1,1,graphhopper,2653,graphhopper,18
master,0,0,0,3,0,update_gtfs,0,graphhopper,2640,graphhopper,5
master,0,0,0,7,0,homepage-filter-improve,1,spring-boot-admin,2136,codecentric,109
master,0,0,0,1,0,renovate/axios-1.x,0,spring-boot-admin,2133,codecentric,3
master,0,0,0,1,0,renovate/testing-library-vue-6.x,0,spring-boot-admin,2129,codecentric,2
master,0,0,0,2,0,renovate/npm-yargs-parser-vulnerability,0,spring-boot-admin,2128,codecentric,4
master,0,0,0,2,0,renovate/npm-node-notifier-vulnerability,0,spring-boot-admin,2127,codecentric,3
master,0,0,0,4,0,renovate/npm-ejs-vulnerability,0,spring-boot-admin,2126,codecentric,3
master,0,0,0,2,0,renovate/major-vue-cli-monorepo,0,spring-boot-admin,2096,codecentric,2
master,0,0,0,1,0,renovate/vue-loader-17.x,0,spring-boot-admin,2094,codecentric,2
master,0,0,0,1,0,renovate/html-loader-4.x,0,spring-boot-admin,2092,codecentric,2
master,0,0,0,2,0,renovate/eslint-plugin-vue-9.x,0,spring-boot-admin,2091,codecentric,2
master,0,0,0,1,0,zero_record_size,1,parquet-mr,1004,apache,9
master,0,0,0,1,0,dependabot/maven/parquet-protobuf/com.google.protobuf-protobuf-java-3.19.6,0,parquet-mr,1003,apache,3
master,0,0,0,12,0,PARQUET-2196,3,parquet-mr,1000,apache,15
master,0,0,0,6,0,PARQUET-2171-vec-io,2,parquet-mr,999,apache,16
master,0,0,0,4,0,PARQUET-2195,1,parquet-mr,998,apache,7
master,0,0,0,12,0,feat/protorecurse,1,parquet-mr,995,apache,8
master,0,0,0,1,0,abaranec_snappyalloc,1,parquet-mr,993,apache,7
master,0,0,0,1,0,fix_statistics_encr,1,parquet-mr,992,apache,6
master,0,0,0,3,0,PARQUET-2177,1,parquet-mr,991,apache,7
master,0,0,0,5,0,1711,1,parquet-mr,988,apache,7
master,0,0,0,1,0,encryption_test,1,parquet-mr,987,apache,7
master,0,0,0,4,0,master-openfile-hadoop-3.3.3,1,parquet-mr,983,apache,8
master,0,0,0,9,0,PARQUET-2165-PathGlobPattern,1,parquet-mr,979,apache,8
master,0,0,0,1,0,master,0,webcam-capture,873,sarxos,3
master,0,0,0,3,0,deal_LogCodes_Spelling_mistakes,2,sofa-rpc,1250,sofastack,16
master,0,0,0,4,0,triple-callback,1,sofa-rpc,1249,sofastack,15
master,0,0,0,13,0,feat/eager_thread_pool,2,sofa-rpc,1230,sofastack,15
3.x,0,0,0,1,0,dependabot/maven/info.picocli-picocli-4.6.3,0,jooby,2648,jooby-project,3
3.x,0,0,0,2,0,dependabot/maven/io.methvin-directory-watcher-0.16.1,0,jooby,2646,jooby-project,2
release-1.15,0,0,0,3,0,FLINK-26726-bp-1.15,1,flink,21038,apache,136
release-1.16,0,0,0,3,0,FLINK-26726-bp-1.16,1,flink,21036,apache,137
release-1.16,0,0,0,14,0,release-1.16-fix-query-no-hive-table,1,flink,21034,apache,138
master,0,0,0,9,0,branch27,3,flink,21032,apache,233
master,0,0,0,3,0,FLINK-29590,2,flink,21026,apache,285
master,0,0,0,2,0,hive-fix,1,flink,21020,apache,186
release-1.15,0,0,0,2,0,fix/collect-primitive-array-1.15,1,flink,21016,apache,116
master,0,0,0,28,0,FLINK-28049,4,flink,21014,apache,495
master,0,0,0,51,0,FLINK-25538_kafka_junit_4_to_5,1,flink,20991,apache,187
master,2,0,0,28,0,FLINK-29050,2,flink,20990,apache,152
master,0,0,0,2,0,FLINK-29547,2,flink,20988,apache,172
master,0,0,0,1,0,FLINK-29432,1,flink,20987,apache,184
master,0,0,0,13,0,RemoteExecutor,1,flink,20958,apache,185
master,0,0,0,17,0,FLINK-29485,8,flink,20954,apache,552
master,0,0,0,4,0,f29437,1,flink,20942,apache,185
master,0,0,0,22,0,FLINK-29478,2,flink,20937,apache,231
master,30,0,0,108,10,calcite1270,4,flink,20922,apache,403
master,0,0,0,1,0,FLINK-29432-replace-GenericUDFNvl-with-GenericUDFCoalesce,1,flink,20908,apache,124
master,0,0,0,15,0,FLINK-29337-hive3,1,flink,20907,apache,183
master,0,0,0,43,0,affe/169-apachecut,2,flink,20886,apache,322
master,0,0,0,66,0,calcite127,4,flink,20850,apache,350
master,0,0,0,6,0,FLINK-29099_update_global_watermark,1,flink,20844,apache,194
release-1.15,0,0,0,4,0,py-pulsar-15,0,flink,20821,apache,12
master,0,0,0,6,0,upstream-drop-py36,0,flink,20756,apache,14
master,0,0,0,1,0,py-02,0,flink,20751,apache,12
master,0,0,0,8,0,add_datediff,3,flink,20747,apache,145
master,0,0,0,8,0,add_conv_function,2,flink,20746,apache,45
master,0,0,0,1,0,hf-01,0,flink,20720,apache,12
master,0,0,0,1,0,fix-29128,1,flink,20701,apache,124
master,2,0,0,14,10,FLINK-22315,4,flink,20652,apache,279
master,2,0,0,5,35,idle-source,3,flink,20639,apache,281
master,0,0,0,7,0,FLINK-28022,0,flink,20627,apache,14
master,0,0,0,7,0,FLINK-29004,1,flink,20607,apache,124
master,0,0,0,1,0,FLINK-28910,1,flink,20542,apache,85
master,0,0,0,2,0,FLINK-28905,1,flink,20536,apache,186
master,0,0,0,6,0,FLINK-28842-kafka-producer-client-id,1,flink,20475,apache,187
master,11,0,0,27,24,FLINK-28639,2,flink,20454,apache,200
master,0,0,0,8,0,FLINK-27850-1,3,flink,20441,apache,200
master,1,3,7,8,100,ttl-full-scan,5,flink,20421,apache,453
release-1.15,0,0,0,3,0,fix-kafka-1.15,1,flink,20389,apache,118
release-1.14,0,0,0,3,0,fix-kafka-1.14,1,flink,20387,apache,25
master,0,0,0,4,0,FLINK-28185,1,flink,20370,apache,184
master,0,0,0,2,0,FLINK-25916,1,flink,20343,apache,123
master,0,0,0,11,0,FLINK-26939,4,flink,20342,apache,151
master,0,0,0,2,0,FLINK-28595,1,flink,20327,apache,124
master,0,0,0,14,0,FLINK-26944,3,flink,20323,apache,146
master,0,0,0,9,0,FLINK-26949,2,flink,20310,apache,42
master,0,0,0,1,0,FLINK-28575,1,flink,20288,apache,80
master,0,0,0,4,0,FLINK-27850,1,flink,20284,apache,131
master,0,0,0,4,0,bug/FLINK-24943,1,flink,20257,apache,124
master,4,0,0,22,10,FLINK-28074,7,flink,20246,apache,334
,0,0,0,0,0,,0,maven,824,apache,16
,0,0,0,0,0,,0,maven,823,apache,3
,0,0,0,0,0,,0,maven,822,apache,3
,0,0,0,0,0,,0,maven,819,apache,3
,0,0,0,0,0,,0,maven,816,apache,3
,0,0,0,0,0,,0,maven,812,apache,3
,0,0,0,0,0,,0,maven,810,apache,3
,0,0,0,0,0,,0,maven,809,apache,3
,0,0,0,0,0,,0,maven,805,apache,3
,0,0,0,0,0,,0,maven,804,apache,3
,0,0,0,0,0,,0,maven,803,apache,3
,0,0,0,0,0,,0,maven,793,apache,3
develop,0,0,0,15,0,rocketmq-5204,2,rocketmq,5297,apache,174
develop,5,1,6,5,44,RapperCL_fix_5294,4,rocketmq,5295,apache,194
develop,2,8,133,19,30,offset/server-offset-3,6,rocketmq,5293,apache,450
develop,0,0,0,2,0,issue-5288,1,rocketmq,5289,apache,91
develop,0,0,0,4,0,optimze_result_print,1,rocketmq,5282,apache,80
develop,15,1,32,22,1,feature/channel,2,rocketmq,5275,apache,110
develop,0,0,0,4,0,ctopic_task1,2,rocketmq,5260,apache,125
develop,0,0,0,3,0,main-doc,1,rocketmq,5253,apache,50
develop,0,0,0,2,0,fix_acl_benchmark,1,rocketmq,5244,apache,81
develop,0,0,0,1,0,flaky_test,0,rocketmq,5226,apache,3
develop,1,0,0,3,1,feature/preshutdown,1,rocketmq,5194,apache,104
develop,1,0,0,2,5,rocketmq-5157,1,rocketmq,5182,apache,57
develop,0,0,0,1,0,rocketmq-5156,1,rocketmq,5158,apache,49
develop,0,0,0,9,0,transMsgEscape,2,rocketmq,5062,apache,212
develop,15,0,0,14,0,refactor_scan_broker_active,3,rocketmq,5057,apache,178
develop,23,1,13,25,44,refactor_controller_regitser_process,5,rocketmq,5046,apache,305
develop,0,0,0,17,0,dynamic-logging,0,rocketmq,5033,apache,4
develop,0,0,0,15,0,echo_server,4,rocketmq,5029,apache,201
develop,0,0,0,1,0,fix_repeat_responseCode,1,rocketmq,5019,apache,38
develop,0,0,0,3,0,issue#5004,1,rocketmq,5005,apache,49
develop,0,0,0,1,0,rocketmq-4990,1,rocketmq,4991,apache,48
develop,0,0,0,39,0,rocketmq-4945,8,rocketmq,4957,apache,441
develop,0,0,0,5,0,bugfix_binary_search,2,rocketmq,4891,apache,19
develop,1,0,0,29,44,multi-route,3,rocketmq,4825,apache,237
develop,1,1,1,5,5,develop-fix,2,rocketmq,4797,apache,34
develop,3,0,0,30,5,develop-transfer,5,rocketmq,4780,apache,356
develop,1,4,4,22,100,optimize_topic_route_notify3,5,rocketmq,4772,apache,824
develop,10,13,17,39,74,acl_namespace,5,rocketmq,4769,apache,413
develop,10,4,25,16,100,bugfix/4749-make-topic-length-configable,1,rocketmq,4752,apache,295
develop,0,0,0,8,0,rocketmq-4721,3,rocketmq,4731,apache,202
develop,4,2,4,54,83,new-develop-4496,6,rocketmq,4723,apache,193
develop,0,0,0,3,0,123monkey-removeElse,1,rocketmq,4674,apache,52
develop,0,0,0,2,0,develop-persist-brokerConf-33,2,rocketmq,4661,apache,31
develop,2,0,0,10,5,5.0.0-dledger,3,rocketmq,4641,apache,45
develop,0,0,0,3,0,develop_kqueue,1,rocketmq,4621,apache,11
develop,0,0,0,1,0,develop-ambiguous-26,1,rocketmq,4610,apache,16
develop,0,0,0,1,0,feature-enhance_threadpool,1,rocketmq,4603,apache,15
master,17,0,0,10,100,WW-3691-executor,1,struts,609,apache,1336
master,30,2,22,504,30,WW-5233-tiles,2,struts,608,apache,460
master,0,0,0,11,0,issue/WW-5196,1,struts,585,apache,25
master,1,0,0,3,100,bugfix/issue700,1,guice,1650,google,2772
master,0,0,0,6,0,oscs_fix_cd3c7e0au51of7vbl360,0,Sentinel,2908,alibaba,3
master,0,0,0,6,0,oscs_fix_cd3af1oau51of7vbl310,0,Sentinel,2907,alibaba,3
master,3,2,8,4,18,bugfix/promise-handler,1,Sentinel,2861,alibaba,40
master,0,0,0,4,0,master,1,Sentinel,2850,alibaba,12
master,0,0,0,2,0,fix_master,1,Sentinel,2847,alibaba,12
master,0,0,0,5,0,fix/support_spring_mvc_async_requests,2,Sentinel,2821,alibaba,13
master,0,0,0,3,0,support_spring_mvc_async_requests,2,Sentinel,2810,alibaba,13
master,0,0,0,5,0,suppport_springmvc_controlleradvice,2,Sentinel,2809,alibaba,13
master,0,0,0,2,0,oscs_fix_cd39cl8au51of7vbl2n0,0,chunjun,1303,DTStack,5
master,0,0,0,7,0,feat_1300,2,chunjun,1301,DTStack,18
master,0,0,0,267,0,feat_ddl,6,chunjun,1288,DTStack,35
master,0,0,0,2,0,dependabot/gradle/jsonschema2pojo-gradle-plugin/example/android/com.fasterxml.jackson.core-jackson-databind-2.13.4,0,jsonschema2pojo,1439,joelittlejohn,2
master,0,0,0,3,0,dependabot/gradle/jsonschema2pojo-gradle-plugin/example/android/com.squareup.moshi-moshi-1.14.0,0,jsonschema2pojo,1438,joelittlejohn,2
master,0,0,0,2,0,master,1,jsonschema2pojo,1433,joelittlejohn,17
master,0,0,0,13,0,feature,3,jsonschema2pojo,1428,joelittlejohn,31
master,0,0,0,2,0,dependabot/gradle/jsonschema2pojo-gradle-plugin/example/android/com.google.code.gson-gson-2.9.1,0,jsonschema2pojo,1421,joelittlejohn,3
master,0,0,0,2,0,better-builder,1,jsonschema2pojo,1416,joelittlejohn,13
master,3,3,3,15,35,custom-resolver,4,jsonschema2pojo,1415,joelittlejohn,416
master,0,0,0,11,0,pinot_enableNullHandling_option,1,presto,18475,prestodb,77
master,0,0,0,5,0,Implement_aqe_framework,1,presto,18466,prestodb,69
master,0,0,0,5,0,prefix-uri,3,presto,18463,prestodb,87
master,0,0,0,15,0,add_native_execution_operator,2,presto,18452,prestodb,87
master,0,0,0,3,0,dependabot/maven/com.google.protobuf-protobuf-java-3.16.3,0,presto,18448,prestodb,8
master,0,0,0,1,0,dependabot/maven/presto-pinot-toolkit/com.google.protobuf-protobuf-java-3.19.6,0,presto,18447,prestodb,8
master,0,0,0,2,0,javadocquerysubmission,2,presto,18443,prestodb,63
master,0,0,0,20,0,SpillableTopnOperator-C,1,presto,18400,prestodb,63
master,0,0,0,4,0,hbo-limit,1,presto,18394,prestodb,61
master,0,0,0,1,0,dependabot/maven/presto-pinot-toolkit/org.apache.calcite-calcite-core-1.32.0,0,presto,18364,prestodb,8
master,1,0,0,20,3,type_kind,1,presto,18353,prestodb,50
master,2,0,0,14,53,startupTime,4,presto,18329,prestodb,247
master,0,0,0,37,0,sapphire_native_engine_operator,2,presto,18303,prestodb,95
master,0,0,0,113,0,refactor_new_new,5,presto,18282,prestodb,127
master,0,0,0,108,0,rj_unification,5,presto,18269,prestodb,158
master,0,0,0,2,0,resolve_license-maven-plugin_warnings,0,presto,18248,prestodb,10
master,0,0,0,22,0,hbo_commits_2,2,presto,18244,prestodb,87
master,0,0,0,3,0,AQE,1,presto,18232,prestodb,65
master,0,0,0,1,0,dependabot/npm_and_yarn/presto-router/src/main/resources/router_ui/src/minimist-1.2.6,0,presto,18212,prestodb,7
master,0,0,0,1,0,dependabot/npm_and_yarn/presto-router/src/main/resources/router_ui/src/ajv-6.12.6,0,presto,18199,prestodb,7
master,0,0,0,4,0,memory_footprint,2,presto,18176,prestodb,83
master,0,0,0,13,0,parquet-batch-reader-fix,3,presto,18173,prestodb,107
master,0,0,0,6,0,pinot-dynamic-filter-pushdown,1,presto,18172,prestodb,60
master,0,0,0,21,0,external_udfs_support,3,presto,18148,prestodb,109
master,0,0,0,10,0,sapphire_velox_prototype,1,presto,18143,prestodb,70
master,0,0,0,21,0,data_masking,5,presto,18088,prestodb,157
master,1,0,0,17,52,logQueuingReason,3,presto,18066,prestodb,228
master,1,0,0,16,52,logResourceGroupQueuedOn,3,presto,18044,prestodb,232
master,35,0,0,152,21,json-functions,5,presto,18021,prestodb,298
trunk,0,0,0,4,0,ambari-24453,0,ambari,3398,apache,13
trunk,0,0,0,9,0,ambari-25124,1,ambari,3396,apache,133
trunk,0,0,0,1,0,ambari-25613,1,ambari,3395,apache,28
trunk,0,0,0,2,0,oscs_fix_cd36l30au51of7vbl1g0,0,ambari,3394,apache,9
branch-2.7,0,0,0,3,0,ambari-25747-branch2.7,1,ambari,3393,apache,60
trunk,0,0,0,1,0,AMBARI-25734-trunk,1,ambari,3388,apache,30
trunk,0,0,0,13,0,AMBARI-25749,0,ambari,3381,apache,10
release-2.7,0,0,0,2,0,release-2.7-bugfix,0,ambari,3362,apache,11
branch-2.7,0,0,0,4,0,AMBARI-25724-x-branch-2.7,2,ambari,3356,apache,45
trunk,0,0,0,20,0,AMBARI-25720,1,ambari,3352,apache,29
branch-2.7,0,0,0,29,0,AMBARI-25720-branch-2.7,1,ambari,3345,apache,32
master,0,0,0,3,0,renovate/tomcat.version,0,psi-probe,2277,psi-probe,4
main,0,0,0,1,0,dependabot/maven/calcite/org.apache.calcite-calcite-core-1.32.0,0,Mycat2,756,MyCATApache,3
main,0,0,0,1,0,dependabot/maven/hbt/org.apache.calcite-calcite-core-1.32.0,0,Mycat2,755,MyCATApache,3
main,0,0,0,1,0,dependabot/maven/config/org.yaml-snakeyaml-1.31,0,Mycat2,754,MyCATApache,3
main,0,0,0,1,0,main,1,Mycat2,740,MyCATApache,13
main,0,0,0,1,0,dependabot/maven/linq4j/org.apache.calcite.avatica-avatica-core-1.22.0,0,Mycat2,739,MyCATApache,3
main,0,0,0,1,0,dependabot/maven/calcite/org.apache.calcite.avatica-avatica-core-1.22.0,0,Mycat2,738,MyCATApache,3
main,0,0,0,1,0,dependabot/maven/hbt/org.apache.calcite.avatica-avatica-core-1.22.0,0,Mycat2,737,MyCATApache,3
master,0,0,0,1,0,HIVE-23754,1,hive,3669,apache,106
master,0,0,0,2,0,rebuilder-aggregate,1,hive,3668,apache,96
master,0,0,0,2,0,replace-hive-reduce-exp-rules,1,hive,3666,apache,96
master,0,0,0,2,0,HIVE-26626,1,hive,3665,apache,96
master,0,0,0,3,0,HIVE-26623,0,hive,3661,apache,13
master,0,0,0,5,0,HIVE-26618-master-empty-opt-switch,2,hive,3659,apache,101
master,2,0,0,5,0,HIVE-26617,5,hive,3658,apache,172
master,2,0,0,21,0,HIVE-25032,3,hive,3657,apache,143
master,0,0,0,10,0,HIVE-11495,2,hive,3656,apache,90
master,0,0,0,1,0,HIVE-26615,1,hive,3654,apache,30
master,0,0,0,5,0,HIVE-26612,1,hive,3651,apache,100
master,0,0,0,3,0,HIVE-26608,2,hive,3650,apache,32
master,0,0,0,14,0,parallel-dump-upstream,4,hive,3644,apache,138
master,0,0,0,77,0,override_vector,3,hive,3642,apache,111
master,0,0,0,67,0,master-HIVE-26572-constant_support_vectorization,1,hive,3637,apache,96
master,0,0,0,3,0,master-iceberg-mv-table,1,hive,3634,apache,96
master,0,0,0,2,0,master,1,hive,3633,apache,85
master,0,0,0,4,0,fix-tezmerge,1,hive,3631,apache,94
master,0,0,0,8,0,HIVE-26573,3,hive,3630,apache,467
master,0,0,0,11,0,HIVE-25813_latest,2,hive,3627,apache,109
master,0,0,0,7,0,HIVE-26569,4,hive,3626,apache,474
master,0,0,0,16,0,HIVE26563,4,hive,3625,apache,141
master,0,0,0,1,0,remove_unused_import,1,hive,3620,apache,96
master,0,0,0,5,0,HIVE-26557,1,hive,3618,apache,97
master,0,0,0,8,0,readonly,1,hive,3614,apache,89
master,1,0,0,32,0,HIVE13353,3,hive,3608,apache,137
master,0,0,0,4,0,HIVE-26539,2,hive,3605,apache,130
master,0,0,0,1,0,HIVE-26538,1,hive,3600,apache,85
branch-3.1,0,0,0,61,0,prepare-3.1.4-SNAPSHOT,0,hive,3596,apache,13
master,0,0,0,4,0,FIX-HIVE-26045,1,hive,3595,apache,89
branch-3.1,0,0,0,2,0,branch-3.1-fixed-oom,1,hive,3589,apache,35
master,0,0,0,1,0,dtoken_renewal_gh,0,hive,3585,apache,13
master,0,0,0,2,0,HIVE-26445,2,hive,3583,apache,49
master,0,0,0,4,0,HIVE-25790,2,hive,3582,apache,97
master,4,0,0,52,0,cleaner_min_open_glb_txn_limitation_removal,3,hive,3576,apache,139
master,0,0,0,1,0,patch-1,1,hive,3575,apache,87
master,0,0,0,49,0,freq_item_sketch_sel_est,5,hive,3572,apache,162
master,0,0,0,25,0,HIVE-26509,4,hive,3567,apache,140
branch-3.1,0,0,0,3,0,branch-3.1,1,hive,3562,apache,34
branch-3,0,0,0,3,0,branch-3-HIVE-26127,1,hive,3561,apache,38
master,0,0,0,3,0,HIVE-25845-3,1,hive,3551,apache,94
master,0,0,0,3,0,HIVE-26247,2,hive,3545,apache,130
master,0,0,0,3,0,HIVE-16913,2,hive,3542,apache,91
master,0,0,0,1,0,HIVE-26248-addendum,1,hive,3539,apache,86
master,0,0,0,2,0,WIP,1,hive,3536,apache,96
master,0,0,0,2,0,HIVE-26459,2,hive,3523,apache,103
master,0,0,0,1,0,master-msck-change,1,hive,3522,apache,94
branch-3.1,0,0,0,1,0,hive-24083,1,hive,3520,apache,23
master,0,0,0,9,0,HIVE-26470,1,hive,3519,apache,88
master,0,0,0,10,0,HIVE-26469,1,hive,3518,apache,94
master,0,0,0,2,0,HIVE-26467,1,hive,3516,apache,97
master,0,0,0,10,0,HIVE-26456,3,hive,3506,apache,163
master,0,0,0,3,0,HIVE-26436,2,hive,3485,apache,100
master,0,0,0,10,0,HMSSummary,1,hive,3484,apache,95
master,3,0,0,27,0,HIVE-26012,2,hive,3477,apache,98
master,6,6,734,119,100,arraystack2,3,hive,3441,apache,792
master,0,0,0,1,0,patch-1,0,fscrawler,1518,dadoonet,6
master,0,0,0,3,0,feature/add_psm_option,2,fscrawler,1510,dadoonet,50
master,0,0,0,13,0,master,5,AutoLoadCache,116,qiujiayu,40
master,0,0,0,1,0,ensure-to-release-the-lock,1,maven-mvnd,703,apache,31
master,0,0,0,1,0,patch-1,1,redisson,4536,redisson,99
master,0,0,0,0,0,master,0,redisson,4502,redisson,2
master,0,0,0,2,0,remove_includes_for_full_configuration,2,redisson,4498,redisson,58
master,0,0,0,1,0,master,1,eclipse-collections,1406,eclipse,121
master,0,0,0,11,0,1392-hashbags-trimtosize-11-2,1,eclipse-collections,1404,eclipse,114
master,0,0,0,8,0,1402-expose-trim-to-size-in-primitive-map-set,1,eclipse-collections,1403,eclipse,112
master,1,0,0,5,100,1393-hashbags-trimtosize,2,eclipse-collections,1398,eclipse,695
master,0,0,0,2,0,1396-expose-compact-in-all-primitive-maps,1,eclipse-collections,1397,eclipse,113
release-2.x,0,0,0,1,0,fix-message,1,logging-log4j2,1069,apache,101
release-2.x,0,0,0,1,0,LOG4J2-3601,0,logging-log4j2,1064,apache,5
release-2.x,0,0,0,3,0,crontrigger-currentdate-filename,1,logging-log4j2,1058,apache,22
release-2.x,0,0,0,5,0,slf4j-2.0.1,1,logging-log4j2,1054,apache,21
release-2.x,0,0,0,1,0,patch-1,1,logging-log4j2,1003,apache,26
master,0,0,0,7,0,LOG4J2-3558-make-default-priority-configurable,1,logging-log4j2,973,apache,23
master,0,0,0,1,0,dependabot/maven/demo-elasticsearch-rest-high-level-client/org.elasticsearch-elasticsearch-7.14.0,0,spring-boot-demo,235,xkcoding,2
main,0,0,0,9,0,gh-2348,1,spring-data-jpa,2651,spring-projects,42
main,0,0,0,5,0,feat/2564_QueryEnhancerFallbacks,1,spring-data-jpa,2639,spring-projects,29
main,0,0,0,1,0,OF-2523_Unpredictable-resources,1,Openfire,2128,igniterealtime,75
main,0,0,0,1,0,bump_install4j_maven,0,Openfire,2125,igniterealtime,3
main,0,0,0,5,0,OF-2514_SASL-empty-vs-missing-initial-response,1,Openfire,2118,igniterealtime,38
main,0,0,0,9,0,OF-2476_trunking-gateway,1,Openfire,2113,igniterealtime,38
main,0,0,0,1,0,OF-2508_MUC-room-name-nodeprep,1,Openfire,2112,igniterealtime,37
main,0,0,0,9,0,OF-2475_allow-future-users,1,Openfire,2110,igniterealtime,37
main,0,0,0,4,0,OF-2505_BOSH-backpressure,1,Openfire,2109,igniterealtime,41
develop,4,0,0,18,17,global_use_exchange_parameter,11,XChange,4590,knowm,302
develop,0,0,0,1,0,netty_leaking_threads,1,XChange,4570,knowm,18
develop,1,0,0,4,0,kraken_tif_leverage,2,XChange,4566,knowm,30
develop,0,0,0,1,0,develop,1,XChange,4535,knowm,17
develop,0,0,0,1,0,develop,1,XChange,4530,knowm,18
develop,0,0,0,4,0,usertrades-jsonparse-fixing,3,XChange,4527,knowm,39
master,0,0,0,5,0,master,1,xxl-job,3006,xuxueli,28
master,0,0,0,2,0,feat-netty-bom,0,xxl-job,3005,xuxueli,3
master,1,0,0,1,100,master,1,xxl-job,3004,xuxueli,540
master,7,0,0,13,0,myBranch,1,xxl-job,3001,xuxueli,17
master,0,0,0,24,0,master,1,xxl-job,2999,xuxueli,18
master,0,0,0,5,0,master,1,xxl-job,2980,xuxueli,15
master,0,0,0,1,0,master,0,xxl-job,2972,xuxueli,3
master,0,0,0,2,0,unittest2208,1,xxl-job,2957,xuxueli,19
master,0,0,0,4,0,feature_fix_delay,1,xxl-job,2941,xuxueli,15
master,0,0,0,1,0,master,1,xxl-job,2935,xuxueli,11
master,0,0,0,15,0,master,2,xxl-job,2932,xuxueli,26
main,2,0,0,13,100,abstract_constructor,1,mapstruct,3049,mapstruct,2720
main,0,0,0,3,0,3039-upgrade-freemarker,0,mapstruct,3046,mapstruct,3
main,0,0,0,2,0,fix3040,1,mapstruct,3045,mapstruct,25
main,1,0,0,8,100,feature-3037,2,mapstruct,3043,mapstruct,450
main,0,0,0,4,0,fix3015,1,mapstruct,3017,mapstruct,24
main,2,0,0,13,100,master,1,mapstruct,3016,mapstruct,420
main,0,0,0,9,0,feature/2663,1,mapstruct,3007,mapstruct,25
main,1,0,0,19,100,feature/2947,1,mapstruct,2995,mapstruct,402
main,0,0,0,7,0,2952,2,mapstruct,2992,mapstruct,34
main,0,0,0,16,0,feature/2954,1,mapstruct,2959,mapstruct,25
main,0,0,0,1,0,main,1,mapstruct,2938,mapstruct,14
master,0,0,0,2,0,dependabot/maven/io.netty-netty-bom-4.1.84.Final,0,transmittable-thread-local,438,alibaba,2
master,0,0,0,9,0,pt-br-translation,0,jenkins,7255,jenkinsci,5
master,0,0,0,3,0,master,0,jenkins,7253,jenkinsci,4
master,0,0,0,1,0,doNotDisconnectBeforeLaunched,1,jenkins,7252,jenkinsci,39
master,0,0,0,1,0,NodeProvisionerTest,1,jenkins,7251,jenkinsci,14
master,0,0,0,4,0,pt-br,0,jenkins,7249,jenkinsci,5
master,0,0,0,16,0,html-properties,0,jenkins,7248,jenkinsci,5
master,0,0,0,16,0,ApiTokenTestHelper,1,jenkins,7243,jenkinsci,26
master,0,0,0,2,0,dumbSlave,1,jenkins,7242,jenkinsci,14
master,0,0,0,1,0,master,0,jenkins,7237,jenkinsci,5
master,0,0,0,30,0,ru-translation,0,jenkins,7230,jenkinsci,6
master,0,0,0,2,0,fix/changeset-edit-icon,0,jenkins,7229,jenkinsci,6
master,0,0,0,1,0,JENKINS-69791,0,jenkins,7225,jenkinsci,5
master,0,0,0,1,0,patch-1,1,jenkins,7222,jenkinsci,14
master,0,0,0,16,0,update-weather-icons,1,jenkins,7208,jenkinsci,16
master,0,0,0,16,0,new-submit-buttons,0,jenkins,7203,jenkinsci,5
master,0,0,0,29,0,update-users,0,jenkins,7197,jenkinsci,5
master,0,0,0,3,0,feat/master/new-job-button,0,jenkins,7191,jenkinsci,5
master,0,0,0,1,0,feat/master/token-red,0,jenkins,7184,jenkinsci,5
master,0,0,0,8,0,new-advanced-button,1,jenkins,7173,jenkinsci,15
master,0,0,0,1,0,inbound,1,jenkins,7171,jenkinsci,14
master,0,0,0,2,0,issue/JENKINS-69637,2,jenkins,7140,jenkinsci,20
master,0,0,0,1,0,JENKINS-69608,0,jenkins,7109,jenkinsci,4
master,0,0,0,2,0,restart-message,0,jenkins,7091,jenkinsci,4
master,0,0,0,10,0,add-updates-badge,1,jenkins,7084,jenkinsci,14
master,0,0,0,2,0,JENKINS-69549,0,jenkins,7078,jenkinsci,5
master,0,0,0,7,0,meiswjn-feature-add-script-console-listener,1,jenkins,7056,jenkinsci,14
master,0,0,0,24,0,revamp-app-bar,0,jenkins,7051,jenkinsci,5
master,0,0,0,11,0,update-banners,1,jenkins,7049,jenkinsci,15
master,0,0,0,2,0,JENKINS-68194,2,jenkins,7042,jenkinsci,24
master,0,0,0,2,0,JENKINS-69183,1,jenkins,7040,jenkinsci,14
master,0,0,0,9,0,configurable-interval-computer-check,1,jenkins,7037,jenkinsci,14
master,0,0,0,13,0,JENKINS-69339,1,jenkins,6995,jenkinsci,14
master,0,0,0,3,0,log-highlight,0,jenkins,6986,jenkinsci,5
master,0,0,0,2,0,sort-installed-plugins,1,jenkins,6967,jenkinsci,16
master,0,0,0,3,0,JENKINS-10693,1,jenkins,6959,jenkinsci,14
master,0,0,0,12,0,update-breadcrumb-2,1,jenkins,6912,jenkinsci,14
master,0,0,0,8,0,csp-remove-timeline,2,jenkins,6869,jenkinsci,26
master,0,0,0,3,0,csp-codemirror-config,1,jenkins,6867,jenkinsci,14
master,0,0,0,4,0,csp-bind,1,jenkins,6865,jenkinsci,14
master,0,0,0,4,0,csp-configure-common,2,jenkins,6861,jenkinsci,21
master,0,0,0,2,0,simplify-modern-form-validation,0,jenkins,6855,jenkinsci,5
master,0,0,0,7,0,redact-sensitive-values,0,jenkins,6843,jenkinsci,5
main,0,0,0,4,0,fix-build-micrometer-related,0,spring-cloud-kubernetes,1100,spring-cloud,4
main,0,0,0,7,0,configs-pickedup-only-when-enabled,3,spring-cloud-kubernetes,1097,spring-cloud,153
main,0,0,0,25,0,move-to-record,5,spring-cloud-kubernetes,1096,spring-cloud,85
main,1,0,0,1,1,fix-configuration-discovery-properties,1,spring-cloud-kubernetes,1095,spring-cloud,29
main,0,0,0,3,0,support-automatic-registration-of-converters,1,spring-data-mongodb,4181,spring-projects,62
main,0,0,0,15,0,fix/consistent_strong_tags_in_javadocs,1,spring-data-mongodb,4177,spring-projects,32
main,0,0,0,7,0,GH-4099-time-series-expiration,1,spring-data-mongodb,4114,spring-projects,38
master,0,0,0,6,0,master,0,PowerJob,468,PowerJob,3
master,0,0,0,4,0,master-4.2.1-upgrade-h2,1,PowerJob,467,PowerJob,10
master,0,0,0,1,0,dependabot/maven/powerjob-worker-agent/org.postgresql-postgresql-42.4.1,0,PowerJob,444,PowerJob,3
master,26,0,0,32,2,IOTDB-4250,4,iotdb,7581,apache,202
rel/0.13,58,0,0,28,2,IOTDB-4615-0.13,3,iotdb,7580,apache,157
master,2,0,0,9,2,IOTDB-4615,1,iotdb,7577,apache,96
master,6,0,0,35,2,master-addsql,5,iotdb,7576,apache,208
master,1,0,0,18,0,IOTDB-4589,2,iotdb,7575,apache,94
master,44,0,0,65,2,schema_plan,2,iotdb,7573,apache,101
research/descend,0,0,0,108,0,research/descend,3,iotdb,7570,apache,82
master,0,0,0,7,0,IOTDB-4402,1,iotdb,7562,apache,88
master,0,0,0,1,0,fix_it,1,iotdb,7559,apache,88
master,4,0,0,10,2,IOTDB-4584,1,iotdb,7555,apache,94
master,5,0,0,8,2,IOTDB-4257,3,iotdb,7535,apache,100
master,0,0,0,4,0,enhanceDTW,1,iotdb,7521,apache,91
rel/0.13,0,0,0,1,0,dependabot/maven/rel/0.13/org.apache.maven.plugins-maven-surefire-plugin-3.0.0-M7,0,iotdb,7507,apache,4
rel/0.13,0,0,0,0,0,rel/0.13,0,iotdb,7488,apache,4
master,0,0,0,3,0,FRI,0,iotdb,7486,apache,4
master,13,0,0,101,2,tag_schema_region,3,iotdb,7424,apache,238
exp_code_gen,0,0,0,37,0,codeGen,1,iotdb,7380,apache,91
master,0,0,0,24,0,IOTDB-4381,6,iotdb,7355,apache,169
master,8,0,0,24,2,IOTDB-3656#modification,4,iotdb,7354,apache,177
master,0,0,0,1,0,issue-5884,1,iotdb,7300,apache,82
rel/0.13,3,0,0,17,2,rel/0.13,2,iotdb,7281,apache,70
,0,0,0,0,0,,0,iotdb,7268,apache,5
master,0,0,0,1,0,fix_IOTDB-4358,1,iotdb,7263,apache,82
master,0,0,0,2,0,fix_IOTDB-4300,1,iotdb,7212,apache,83
master,0,0,0,13,0,xingtanzjr/change_log_level,1,iotdb,7171,apache,81
rel/0.13,0,0,0,20,0,4230-2-0.13,1,iotdb,7150,apache,55
,0,0,0,0,0,,0,iotdb,7120,apache,4
rel/0.13,0,0,0,26,0,rel/0.13,3,iotdb,7116,apache,114
,0,0,0,0,0,,0,iotdb,7098,apache,6
,0,0,0,0,0,,0,iotdb,7097,apache,5
rel/0.13,0,0,0,12,0,IOTDB-3450,2,iotdb,7094,apache,63
master,0,0,0,1,0,master,1,iotdb,7069,apache,93
,0,0,0,0,0,,0,iotdb,7055,apache,5
,0,0,0,0,0,,0,iotdb,7054,apache,4
rel/0.13,0,0,0,2,0,rel/0.13,1,iotdb,6940,apache,57
master,20,0,0,13,2,IOTDB-4022,2,iotdb,6920,apache,146
master,3,0,0,51,2,support_alter_timeseries,4,iotdb,6884,apache,102
research/encoding-exp,0,0,0,66,0,research/encoding-exp,2,iotdb,6833,apache,32
,0,0,0,0,0,,0,iotdb,6747,apache,5
,0,0,0,0,0,,0,iotdb,6730,apache,5
master,0,0,0,24,0,master,2,iotdb,6688,apache,103
dev-1.3.1,0,0,0,34,0,feat-updateAssemblyXmlSchema,0,incubator-linkis,3624,apache,4
dev-1.3.1,0,0,0,1,0,fix-npe-LocalFileSystem,1,incubator-linkis,3620,apache,80
dev-1.3.1,13,0,0,30,0,dev-1.3.1-datasource-hdfs,6,incubator-linkis,3613,apache,361
dev-1.3.1-errorcode,0,0,0,7,0,dev-1.3.1-linkis-udf-common-errorcode,2,incubator-linkis,3605,apache,193
dev-1.3.1-errorcode,0,0,0,24,0,dev-1.3.1-linkis-datasource-client-errorcode,0,incubator-linkis,3564,apache,4
dev-1.3.1-errorcode,0,0,0,10,0,dev-1.3.1-linkis-metadata-query-errorcode,5,incubator-linkis,3557,apache,256
dev-1.3.1-errorcode,0,0,0,6,0,dev-1.3.1-linkis-gateway-core-errorcode,1,incubator-linkis,3551,apache,131
dev-1.3.1-errorcode,0,0,0,12,0,dev-1.3.1-linkis-module-errorcode,0,incubator-linkis,3550,apache,4
dev-1.3.1,0,0,0,29,0,dev-1.3.1-dorisck,3,incubator-linkis,3457,apache,143
main,0,0,0,3,0,stacktrace_hasCause,1,assertj,2796,assertj,38
main,0,0,0,6,0,compare-only-fields-of-given-type,1,assertj,2794,assertj,37
main,0,0,0,1,0,test/recursive_comparison_tests,1,assertj,2790,assertj,35
main,0,0,0,2,0,dependabot/maven/cdg.pitest.version-1.0.1,0,assertj,2787,assertj,3
main,4,0,0,6,0,2754-different-case-newlines,1,assertj,2777,assertj,36
main,0,0,0,2,0,main,1,assertj,2776,assertj,36
main,0,0,0,47,0,testing-maven-moduletesting,1,assertj,2773,assertj,35
main,2,0,0,1,0,laughing-train/Qodana/-1642061763,1,assertj,2772,assertj,35
main,0,0,0,3,0,fix-nestable-condition-description,1,assertj,2755,assertj,37
main,4,0,0,15,0,feature/GH-2721-assert-that-sql-exception,1,assertj,2753,assertj,35
main,0,0,0,7,0,main,1,assertj,2722,assertj,37
8.29.x,0,0,0,14,0,debavet2,3,optaplanner,2244,kiegroup,40
master,5,0,0,32,79,master,1,OpenPDF,834,LibrePDF,1672
master,7,2,7,8,79,auto-closeable,1,OpenPDF,831,LibrePDF,1653
master,0,0,0,3,0,ticket373,1,OpenPDF,823,LibrePDF,27
master,0,0,0,4,0,pdfa-add-cidset,1,OpenPDF,815,LibrePDF,27
master,0,0,0,3,0,pdfa-metadata-update,1,OpenPDF,814,LibrePDF,27
master,0,0,0,2,0,master,1,OpenPDF,794,LibrePDF,28
master,3,0,0,49,0,expand-events,3,guacamole-client,768,apache,86
master,0,0,0,2,0,german-translation-improvements,0,guacamole-client,767,apache,3
master,0,0,0,3,0,working/spice-protocol,1,guacamole-client,761,apache,21
master,0,0,0,7,0,master,0,guacamole-client,752,apache,3
master,0,0,0,6,0,clean-plugins-schema-form,0,gravitee-api-management,2554,gravitee-io,5
master,30,0,0,77,0,qos,13,gravitee-api-management,2522,gravitee-io,381
3.15.x,0,0,0,3,0,8302-platform-policy,2,gravitee-api-management,2521,gravitee-io,59
master,63,0,0,39,0,feat_upgrader_framework,4,gravitee-api-management,2518,gravitee-io,297
master,197,0,0,283,0,bumpRxJava,32,gravitee-api-management,2495,gravitee-io,780
master,0,0,0,30,0,8250-kafka-secure-connection,1,gravitee-api-management,2491,gravitee-io,26
3.18.x,6,0,0,3,0,issue/8095-fix,2,gravitee-api-management,2444,gravitee-io,210
master,0,0,0,1,0,dependabot/maven/goodskill-web/org.apache.shiro-shiro-core-1.10.0,0,goodsKill,167,techa03,2
master,0,0,0,2,0,protobuf_ide,0,zeppelin,4480,apache,6
master,0,0,0,9,0,cassandra_jdk11,1,zeppelin,4479,apache,156
master,0,0,0,1,0,oscs_fix_cd36jk8au51of7vbl190,0,zeppelin,4477,apache,8
master,0,0,0,7,0,ZEPPELIN-5829,0,zeppelin,4476,apache,8
master,0,0,0,1,0,dependabot/maven/alluxio/com.google.protobuf-protobuf-java-3.16.3,0,zeppelin,4474,apache,7
master,0,0,0,1,0,dependabot/maven/hbase/com.google.protobuf-protobuf-java-3.16.3,0,zeppelin,4472,apache,15
master,0,0,0,1,0,dependabot/maven/bigquery/com.google.guava-guava-29.0-jre,0,zeppelin,4471,apache,8
master,0,0,0,5,0,ZEPPELIN-5493,1,zeppelin,4463,apache,125
master,0,0,0,2,0,master,1,zeppelin,4443,apache,134
master,0,0,0,6,0,ZEPPELIN-4871,1,zeppelin,4441,apache,127
master,0,0,0,2,0,throwable_data,1,pitest,1087,hcoles,16
master,6,0,0,14,23,feature/roboelectric,3,pitest,1067,hcoles,95
main,0,0,0,8,0,add-CORS-per-route-configuration-2362,1,spring-cloud-gateway,2750,spring-cloud,67
main,0,0,0,1,0,main,0,spring-cloud-gateway,2745,spring-cloud,3
main,0,0,0,1,0,patch-1,0,spring-cloud-gateway,2733,spring-cloud,4
main,0,0,0,1,0,main,1,spring-cloud-gateway,2721,spring-cloud,36
main,0,0,0,1,0,main,1,spring-cloud-gateway,2702,spring-cloud,37
main,1,0,0,3,17,max_in_memory_cache_body_filter,1,spring-cloud-gateway,2693,spring-cloud,124
main,0,0,0,1,0,patch-6,0,spring-cloud-gateway,2671,spring-cloud,2
main,0,0,0,1,0,patch-5,0,spring-cloud-gateway,2670,spring-cloud,2
main,0,0,0,1,0,patch-4,0,spring-cloud-gateway,2669,spring-cloud,3
main,0,0,0,1,0,patch-3,0,spring-cloud-gateway,2668,spring-cloud,2
master,41,0,0,29,121,issue-533-new,7,swagger-core,4262,swagger-api,983
master,2,0,0,5,100,master,3,swagger-core,4246,swagger-api,706
master,2,1,6,5,100,ft/4213-Replace-required-by-requiredMode,2,swagger-core,4221,swagger-api,723
master,1,0,0,3,100,ft/4213-Allow-disabling-heuristics-on-not-null-annotations,2,swagger-core,4216,swagger-api,681
master,0,0,0,6,0,master,1,find-sec-bugs,686,find-sec-bugs,16
master,0,0,0,2,0,gh-492,1,hibernate-types,493,vladmihalcea,9
master,0,0,0,5,0,money-composite-type,3,hibernate-types,491,vladmihalcea,16
master,0,0,0,3,0,TRUNK-5930,1,openmrs-core,4115,openmrs,42
master,0,0,0,32,0,sman-81-add-artifactId-to-name,0,jdbi,2135,jdbi,3
master,0,0,0,57,0,sman-81-unit-test-refactoring,8,jdbi,2134,jdbi,97
master,0,0,0,6,0,closable-stuff,1,jdbi,2123,jdbi,20
master,0,0,0,20,0,bindbean_multi_type_batch,1,jdbi,2110,jdbi,20
master,0,0,0,2,0,master,1,jdbi,2079,jdbi,44
experimental-apex-parser,32,0,0,31,3,experimental-apex-parser,1,pmd,4151,pmd,99
master,0,0,0,7,0,feature/addApexUnitShouldHaveRunAs,0,pmd,4150,pmd,4
master,0,0,0,2,0,master,0,pmd,4147,pmd,4
master,0,0,0,2,0,master,1,pmd,4125,pmd,25
master,0,0,0,1,0,feature/unusedVariableBindFalsePositive,0,pmd,4110,pmd,5
pmd/7.0.x,109,56,437,128,237,pmd7-language-lifecycle,15,pmd,4060,pmd,5110
pmd/7.0.x,32,7,164,76,107,picocli,4,pmd,4059,pmd,1729
pmd/7.0.x,68,7,47,34,210,violation-decorators,4,pmd,4050,pmd,2408
master,1,0,0,17,86,CAM-14138-telemetry-timeframe,3,camunda-bpm-platform,2022,camunda,395
3.1.x,0,0,0,2,0,fix-gh-2165,1,spring-cloud-config,2176,spring-cloud,41
3.1.x,0,0,0,1,0,fix-windows-newline,1,spring-cloud-config,2172,spring-cloud,27
3.1.x,0,0,0,5,0,fix-gh-2163,1,spring-cloud-config,2171,spring-cloud,28
3.1.x,0,0,0,2,0,fx-gh-2161,1,spring-cloud-config,2162,spring-cloud,27
main,0,0,0,5,0,introduce-localstack,1,spring-cloud-config,2140,spring-cloud,87
main,0,0,0,2,0,escape_map,1,spring-cloud-config,2134,spring-cloud,15
master,0,0,0,38,0,auto-disable-broken-plugins,9,drill,2655,apache,182
master,0,0,0,12,0,limit0-file-listing,1,drill,2636,apache,42
master,0,0,0,28,0,set_operation,1,drill,2599,apache,43
master,0,0,0,15,0,DRILL-8259,1,drill,2596,apache,55
develop,0,0,0,21,0,feature/support_spring_boot_1.5,2,hippo4j,796,opengoofy,20
main,0,0,0,11,0,10692-support-script-tasks-model-api,1,zeebe,10693,camunda,13
main,0,0,0,2,0,dd-10681-raft-lock,1,zeebe,10683,camunda,13
main,0,0,0,12,0,10562-lz-abstract-tasks,3,zeebe,10665,camunda,26
main,0,0,0,1,0,7375,1,zeebe,10646,camunda,14
,0,0,0,0,0,,0,zeebe,10642,camunda,1
main,0,0,0,25,0,10563-support-link-events-model-api,1,zeebe,10635,camunda,13
main,0,0,0,9,0,10241_open_telemetry_automatic_instrumentation,0,zeebe,10597,camunda,5
main,0,0,0,9,0,10476_randomized_terminate_end_event,1,zeebe,10595,camunda,16
main,0,0,0,2,0,dependabot/maven/org.slf4j-slf4j-api-2.0.3,0,zeebe,10549,camunda,5
main,0,0,0,236,0,zell-split-modules,4,zeebe,10454,camunda,34
main,0,0,0,3,0,10208-delete-backup,1,zeebe,10429,camunda,13
main,0,0,0,5,0,9740-disable-rerun,4,zeebe,10258,camunda,28
master,0,0,0,1,0,dependabot/maven/Shared/com.google.protobuf-protobuf-java-3.16.3,0,BIMserver,1274,opensourceBIM,8
master,0,0,0,1,0,master,0,BIMserver,1273,opensourceBIM,5
master,0,0,0,15,0,SEDONA-173-delta-lake-tests,0,incubator-sedona,696,apache,5
master,0,0,0,2,0,feature/collect,1,incubator-sedona,662,apache,339
master,4,0,0,9,10,1408-with-unary-operator,2,immutables,1409,immutables,221
master,3,0,0,6,1,gson_reuse,1,immutables,1406,immutables,155
master,0,0,0,53,0,feature/sql-criteria,1,immutables,1394,immutables,63
master,0,0,0,1,0,oscs_fix_ccul1g8au51ofid2l2pg,0,zookeeper,1932,apache,3
master,0,0,0,2,0,fix/JLL/temporary_directory_hijacking_or_temporary_directory_information_disclosure,1,zookeeper,1931,apache,33
master,0,0,0,2,0,master,1,zookeeper,1930,apache,31
master,0,0,0,1,0,chenhang/ZOOKEEPER-4617,0,zookeeper,1928,apache,3
master,1,0,0,11,100,jonmv/ZOOKEEPER-4541,1,zookeeper,1925,apache,4126
branch-3.7,0,0,0,2,0,ZOOKEEPER-3526-branch-3.7,1,zookeeper,1921,apache,33
master,0,0,0,4,0,enable-tls1.3,1,zookeeper,1919,apache,31
master,1,0,0,2,100,patch-1,1,zookeeper,1918,apache,994
master,0,0,0,2,0,ZOOKEEPER-4293,1,zookeeper,1917,apache,31
master,0,0,0,1,0,ZOOKEEPER-4608,1,zookeeper,1916,apache,30
master,0,0,0,1,0,fix-decode-problem,1,zookeeper,1915,apache,30
master,0,0,0,2,0,ZOOKEEPER-4600,1,zookeeper,1910,apache,31
master,0,0,0,3,0,ZOOKEEPER-4398,1,zookeeper,1909,apache,30
master,0,0,0,1,0,childNodeThreshold,1,zookeeper,1906,apache,30
dev,0,0,0,19,0,no_go_type_assertions,1,antlr4,3927,antlr,204
dev,0,0,0,1,0,initializeTarget,1,antlr4,3925,antlr,39
dev,0,0,0,1,0,getInterpFileName,1,antlr4,3924,antlr,38
dev,0,0,0,1,0,writeToWriter,1,antlr4,3923,antlr,40
dev,0,0,0,1,0,private2protected,1,antlr4,3922,antlr,38
dev,0,0,0,16,0,optimize-target-literals-processing,3,antlr4,3891,antlr,109
dev,0,0,0,5,0,Fixing_Reserve_Word_NULL_for_Cpp_Targets,1,antlr4,3889,antlr,38
dev,0,0,0,143,0,typescript-target,2,antlr4,3870,antlr,49
dev,0,0,0,3,0,fix-3845,1,antlr4,3863,antlr,41
dev,0,0,0,7,0,add-in-ignored-go-tests,1,antlr4,3842,antlr,40
dev,0,0,0,12,0,javadoc_update,2,antlr4,3822,antlr,42
dev,0,0,0,5,0,ATN-emulation-trace,1,antlr4,3817,antlr,17
release/2.1.x,0,0,0,3,0,fix-appender-leakage,2,dropwizard,5680,dropwizard,88
release/2.1.x,0,0,0,6,0,add-custom-liveness-path,1,dropwizard,5549,dropwizard,59
master,0,0,0,1,0,renovate/org.jgrapht-jgrapht-core-1.x,0,spoon,4923,INRIA,4
main,0,0,0,1,0,main,0,spring-cloud-netflix,4124,spring-cloud,3
main,0,0,0,1,0,main,1,spring-cloud-netflix,4117,spring-cloud,24
master,0,0,0,2,0,issue-5333-wikibase-schema-scroll-fix,0,OpenRefine,5334,OpenRefine,4
master,0,0,0,1,0,5190-suggest-caching,0,OpenRefine,5328,OpenRefine,4
master,0,0,0,3,0,4980-distinct-label-description-check,1,OpenRefine,5327,OpenRefine,28
master,0,0,0,3,0,5220-commons-manifest,0,OpenRefine,5323,OpenRefine,4
master,0,0,0,8,0,4985-mark-new-items-dialog,1,OpenRefine,5322,OpenRefine,23
master,0,0,0,1,0,remove_unused_file,0,OpenRefine,5321,OpenRefine,4
master,0,0,0,10,0,5037-expensive-wikibase-qa-checks,1,OpenRefine,5317,OpenRefine,25
master,0,0,0,9,0,5154-extension-point-for-cell-rendering,0,OpenRefine,5312,OpenRefine,4
master,0,0,0,2,0,dependabot/maven/master/org.slf4j-slf4j-api-2.0.3,0,OpenRefine,5294,OpenRefine,4
master,0,0,0,22,0,dark-mode,0,OpenRefine,5165,OpenRefine,4
master,0,0,0,1,0,4928-xml-import-fails-if-the-file-contains-invalid-xml-characters,1,OpenRefine,5112,OpenRefine,23
master,0,0,0,1,0,oscs_fix_cct7m40au51ofid2l2mg,0,jeecg-boot,4080,jeecgboot,3
master,0,0,0,192,0,avro-3579_JUnit5Step2,14,avro,1777,apache,64
2.2.x-governance,49,0,0,545,200,label-route,29,spring-cloud-alibaba,2809,alibaba,1191
main,0,0,0,1,0,AMQ-9107,1,activemq,908,apache,36
master,0,0,0,1,0,renovate/jackson.version,0,oshi,2210,oshi,2
master,0,0,0,4,0,gpu-usage,1,oshi,2114,oshi,134
main,0,0,0,4,0,GEOT-7227-Flat-Geobuf-NPE-Literal,2,geotools,4041,geotools,113
1.6.x,0,0,0,4,0,scratch/fix-exchange-comlete-listener-potential-risk,4,light-4j,1342,networknt,27
main,0,0,0,5,0,sanityCheckLastId,1,cloudstack,6825,apache,59
main,0,0,0,1,0,feature_x,0,cloudstack,6822,apache,8
main,0,0,0,20,0,4.18-fix-jacoco-powermock-issue,5,cloudstack,6817,apache,79
main,0,0,0,7,0,normalize-global-configs-non-encryption,4,cloudstack,6812,apache,67
main,0,0,0,6,0,host-reserve-memory,5,cloudstack,6809,apache,78
main,0,0,0,3,0,allow_privateips_on_Console_Proxy,1,cloudstack,6808,apache,31
main,0,0,0,33,0,add-resource-metrics,6,cloudstack,6803,apache,89
main,0,0,0,3,0,main,0,cloudstack,6801,apache,8
main,0,0,0,1,0,storageConstructionException,1,cloudstack,6797,apache,59
main,0,0,0,16,0,4.18-multiple-ceph-monitors,3,cloudstack,6792,apache,53
main,0,0,0,3,0,add-automigrate-localstorage,2,cloudstack,6785,apache,73
main,0,0,0,6,0,physical_network_with_null_tag,2,cloudstack,6781,apache,41
main,0,0,0,27,0,safe-shutdown,2,cloudstack,6755,apache,61
main,0,0,0,2,0,fix-offering-domain-listing,1,cloudstack,6748,apache,58
main,0,0,0,2,0,fix-template-initial-size,1,cloudstack,6735,apache,30
main,0,0,0,19,0,googleAuth,1,cloudstack,6713,apache,56
4.17,1,0,0,7,0,fix-user-scalevm-vol-migration,2,cloudstack,6704,apache,73
main,0,0,0,6,0,feat/multi_local_storage_handling,3,cloudstack,6699,apache,80
main,0,0,0,4,0,feature_x,2,cloudstack,6662,apache,61
main,0,0,0,10,0,volume-live-migrate-storpool,2,cloudstack,6661,apache,45
main,0,0,0,56,0,fix-spelling,10,cloudstack,6609,apache,145
main,0,0,0,1,0,JdkAlgorithmsUpdate,0,cloudstack,6594,apache,9
main,4,0,0,24,0,veeam-disable-jobs-keep-backups,7,cloudstack,6589,apache,100
main,0,0,0,6,0,veeam-enable-attach-detach-volumes,3,cloudstack,6581,apache,65
main,2,0,0,8,0,veeam-allow-delete-backups-without-removing-backup-offering,4,cloudstack,6580,apache,79
main,0,0,0,178,0,4.18-vm-autoscaling,14,cloudstack,6571,apache,184
main,2,0,0,30,0,guest-os-mappings-improvements,5,cloudstack,6561,apache,84
main,0,0,0,32,0,EMC_NETWORKER_B&R,1,cloudstack,6550,apache,32
master,0,0,0,15,0,feature/remote-js-executor-improvements,1,thingsboard,7403,thingsboard,14
master,0,0,0,99,0,feature/edge-multi-customers,5,thingsboard,7395,thingsboard,43
master,0,0,0,3,0,master,1,thingsboard,7394,thingsboard,14
master,0,0,0,8,0,custom_header_column_title,0,thingsboard,7387,thingsboard,5
master,0,0,0,1,0,widget_api_alarm_query,0,thingsboard,7386,thingsboard,5
master,0,0,0,1,0,bugfix/node_copy_to_view_add_inactiviy_event,1,thingsboard,7381,thingsboard,14
master,0,0,0,9,0,feature/node_originator_attributes_fetch_to_msg_data,2,thingsboard,7377,thingsboard,22
master,0,0,0,31,0,fix_bug_transactional_other_entity_with_tests,2,thingsboard,7376,thingsboard,21
master,0,0,0,1,0,boolean_instead_of_string,0,thingsboard,7375,thingsboard,5
master,0,0,0,12,0,feature/check_tenant_entity_for_nodes,3,thingsboard,7373,thingsboard,28
master,0,0,0,1,0,relation_to_user,1,thingsboard,7370,thingsboard,14
master,0,0,0,2,0,details_node_id,1,thingsboard,7367,thingsboard,14
master,0,0,0,10,0,fixMarkdownWidget,0,thingsboard,7365,thingsboard,5
master,0,0,0,2,0,selective_widget_bundler_version_control,1,thingsboard,7360,thingsboard,14
master,0,0,0,4,0,drag_drop_actions_in_list,0,thingsboard,7356,thingsboard,5
master,0,0,0,593,0,data-key-config-ui-style,16,thingsboard,7337,thingsboard,122
master,0,0,0,2,0,caching_static_resources,0,thingsboard,7333,thingsboard,4
master,0,0,0,1,0,bug/datakey-agg/validation,0,thingsboard,7326,thingsboard,5
master,0,0,0,3,0,fix/rate-limits,1,thingsboard,7324,thingsboard,14
master,0,0,0,11,0,AD/imp/clustering-markers,0,thingsboard,7311,thingsboard,5
master,0,0,0,5,0,hide_table_data_key,0,thingsboard,7304,thingsboard,7
master,0,0,0,18,0,jwt-random,1,thingsboard,7297,thingsboard,14
master,0,0,0,3,0,updateDatasourceError,0,thingsboard,7290,thingsboard,5
master,0,0,0,4,0,feature/oauth2-open-targeted-url,1,thingsboard,7278,thingsboard,14
master,0,0,0,4,0,telemetry_updater,0,thingsboard,7275,thingsboard,5
master,0,0,0,3,0,feature/on-tw-change-function-settins,0,thingsboard,7267,thingsboard,5
master,0,0,0,4,0,bulk-import-fix,1,thingsboard,7250,thingsboard,15
master,0,0,0,1,0,patch-1,0,thingsboard,7248,thingsboard,5
master,0,0,0,4,0,feature/node_chekc_relation_add_relation_query,2,thingsboard,7247,thingsboard,20
master,0,0,0,14,0,feature/delete_attributes_node,5,thingsboard,7238,thingsboard,41
master,0,0,0,1,0,feature/process_exception_extension_http_client,1,thingsboard,7237,thingsboard,14
master,0,0,0,1,0,bug/2fa/totp/name,0,thingsboard,7236,thingsboard,5
feature/firmware-footprint,0,0,0,5,0,test-fixes,2,thingsboard,7222,thingsboard,20
master,0,0,0,1,0,fix_bug_transactional_other_entity,1,thingsboard,7204,thingsboard,14
develop/3.5,0,0,0,13,0,audit_log_ttl,2,thingsboard,7162,thingsboard,20
develop/3.5,0,0,0,2,0,check_relation_node_relationType_field_as_pattern,1,thingsboard,7082,thingsboard,14
develop/3.5,0,0,0,17,0,feature/work-1385-custom-mqtt-subscribe-topic,3,thingsboard,6986,thingsboard,27
master,0,0,0,8,0,rule_chain_selector,0,thingsboard,6943,thingsboard,5
master,0,0,0,57,0,bratseth/instance-tags,9,vespa,24406,vespa-engine,57
master,0,0,0,1,0,fix/JLL/temporary_directory_hijacking_or_temporary_directory_information_disclosure,1,Universal-G-Code-Sender,2000,winder,22
master,0,0,0,8,0,issue9643,1,mage,9644,magefree,51
master,0,0,0,40,0,refactor/seal_off_activatedAbility,2,mage,9638,magefree,202
master,0,0,0,63,0,refactor/speedup_object_copying,5,mage,9625,magefree,239
master,0,0,0,6,0,refactor/tricky_card_cleanup,1,mage,9617,magefree,53
master,0,0,0,45,0,fix/wrong_choice,1,mage,9616,magefree,208
master,0,0,0,749,0,refactor/sacrifice-effects,4,mage,9586,magefree,245
master,0,0,0,3,0,jade-orb-of-dragonkind,1,mage,9540,magefree,197
master,0,0,0,48,0,counter-log,2,mage,9528,magefree,199
master,0,0,0,32,0,protection,2,mage,9503,magefree,208
master,0,0,0,1,0,dependabot/maven/org.ocpsoft.prettytime-prettytime-5.0.4.Final,0,mage,9473,magefree,14
master,0,0,0,3,0,card/henzie,1,mage,9463,magefree,196
master,0,0,0,1,0,dependabot/maven/Mage.Client/org.jsoup-jsoup-1.15.3,0,mage,9455,magefree,13
master,0,0,0,3,0,game/rollbacks,1,mage,9427,magefree,48
master,0,0,0,1,0,dependabot/maven/Mage.Client/com.amazonaws-aws-java-sdk-s3-1.12.261,0,mage,9277,magefree,12
master,0,0,0,3,0,fix_bolas,2,mage,9268,magefree,200
master,0,0,0,76,0,fix_copy_constructors,9,mage,9267,magefree,509
master,2,0,0,6,26,eventlistener,4,trino,14604,trinodb,199
master,0,0,0,14,0,kudi/error-prone-2.16,6,trino,14597,trinodb,144
master,0,0,0,1,0,ebi/delta-vacuum-cdf,1,trino,14590,trinodb,66
master,0,0,0,3,0,ebi/homar/increase_delta_lake_supported_writer_version_to_4,2,trino,14589,trinodb,81
master,0,0,0,3,0,homar/increase_delta_lake_supported_writer_version_to_4,2,trino,14573,trinodb,85
master,0,0,0,3,0,iceberg/docker-image-name,1,trino,14569,trinodb,73
master,0,0,0,9,0,findepi/improve-startup-time-for-tests-using-hiveminiodatalake-c20056,4,trino,14561,trinodb,118
master,0,0,0,20,0,gaurav8297/prefer_partitioning_fix,4,trino,14553,trinodb,119
master,0,0,0,5,0,split-databricks-product-test-suites,0,trino,14549,trinodb,7
master,0,0,0,11,0,homar/support_deta_cdf_for_update_queries,2,trino,14547,trinodb,83
master,0,0,0,9,0,Trino-protocol-v-1-1-client-jdbc,3,trino,14527,trinodb,91
master,0,0,0,1,0,bump-minio-docker-image,1,trino,14525,trinodb,47
master,0,0,0,3,0,cache_expire_after_write,1,trino,14476,trinodb,39
master,0,0,0,6,0,SupportAvroSchemaLiteral,2,trino,14426,trinodb,83
master,0,0,0,4,0,bump-airlift-units,0,trino,14406,trinodb,8
master,0,0,0,1,0,ebi/delta-databricks-retry,1,trino,14392,trinodb,68
master,0,0,0,24,0,iceberg-support-register-table-procedure,2,trino,14375,trinodb,92
master,0,0,0,4,0,master,2,trino,14345,trinodb,91
master,0,0,0,15,0,ls/043-fuse-simple-aggregation-join,3,trino,14271,trinodb,105
master,0,0,0,1,0,fix_spill_unit_test,1,trino,14243,trinodb,67
master,0,0,0,2,0,hubert/add-use-access-checks,2,trino,14209,trinodb,84
master,0,0,0,6,0,kudi/view-owner-with-roles,3,trino,13991,trinodb,98
master,0,0,0,23,0,switch,6,trino,13980,trinodb,152
master,0,0,0,8,0,s3-directory-check,3,trino,13974,trinodb,106
master,2,3,7,159,26,david.stryker/delete-and-update-on-merge,24,trino,13926,trinodb,524
master,0,0,0,13,0,ebi/delta-gcs-log-synchronizer-explicit-storage-instantiation,3,trino,13895,trinodb,123
master,0,0,0,3,0,david.stryker/fix-merge-predicate-false,3,trino,13838,trinodb,102
master,2,1,18,49,26,hive-view-column-comment,11,trino,13800,trinodb,412
master,0,0,0,9,0,serafin/di-66,3,trino,13733,trinodb,104
master,0,0,0,18,0,snapshot-versioned-queries-v2,2,trino,13497,trinodb,83
master,0,0,0,10,0,ebi/iceberg-migrate-procedure,3,trino,13493,trinodb,102
master,0,0,0,6,0,franklyn/skew-join-visitor,1,trino,13401,trinodb,75
master,0,0,0,2,0,ebi/jdbc-is-valid,1,trino,13359,trinodb,71
master,0,0,0,4,0,feature/jdbc-ignoreBrokenCatalogs,1,trino,13311,trinodb,62
master,0,0,0,32,0,iceberg-rest-catalog,3,trino,13294,trinodb,100
master,0,0,0,10,0,issue-660-task-1,2,trino,13230,trinodb,94
master,0,0,0,10,0,async-refresh-token,2,trino,13201,trinodb,83
jetty-10.0.x,17,0,0,23,0,jetty-10.0.x-8695-update-quiche-to-0-15-0,6,jetty.project,8699,eclipse,108
master,0,0,0,5,0,DAT-7766,1,liquibase,3367,liquibase,39
master,0,0,0,2,0,2953-conditional-index-wrongly-generated-with-cli-generate-changelog-command,2,liquibase,3366,liquibase,63
master,0,0,0,1,0,DAT-11785,1,liquibase,3364,liquibase,127
master,0,0,0,3,0,fix-issue-3117,1,liquibase,3362,liquibase,43
master,0,0,0,2,0,2867-autoincrement-information-fix,1,liquibase,3361,liquibase,42
master,0,0,0,1,0,update-snakeyaml,0,liquibase,3359,liquibase,3
master,0,0,0,2,0,simple-include-path-fix,1,liquibase,3355,liquibase,38
master,0,0,0,1,0,hacktoberfest2022,1,liquibase,3350,liquibase,38
master,0,0,0,2,0,dependabot/maven/org.hsqldb-hsqldb-2.7.0,0,liquibase,3349,liquibase,4
master,0,0,0,2,0,DAT-10234,2,liquibase,3348,liquibase,61
master,0,0,0,2,0,issue/3299,1,liquibase,3342,liquibase,40
master,0,0,0,1,0,dependabot/maven/org.testcontainers-testcontainers-bom-1.17.5,0,liquibase,3341,liquibase,6
master,0,0,0,1,0,fix-stringutil-reference,1,liquibase,3338,liquibase,55
master,0,0,0,2,0,2555-postgresql-diffchangelog-dropping-sequences-erroneously,2,liquibase,3335,liquibase,74
master,0,0,0,7,0,DAT-9372,1,liquibase,3333,liquibase,50
master,0,0,0,2,0,dependabot/maven/net.snowflake-snowflake-jdbc-3.13.23,0,liquibase,3331,liquibase,4
master,0,0,0,3,0,2659-precondition-tableexists-crashes-h2-ok,2,liquibase,3329,liquibase,64
master,0,0,0,2,0,2254-support-datatype-for-createsequence-on-db2luw,1,liquibase,3328,liquibase,52
master,0,0,0,3,0,3069-how-to-specify-an-empty-rollback-using-sql-dialect,2,liquibase,3324,liquibase,64
master,0,0,0,1,0,master,1,liquibase,3316,liquibase,35
master,0,0,0,2,0,3204-comparecontrol-constructor-handles-input-strings-incorrectly,1,liquibase,3309,liquibase,36
master,0,0,0,5,0,drop-view-if-exists,1,liquibase,3301,liquibase,41
master,0,0,0,11,0,maven-command-framework-extracting-integration-framework,2,liquibase,3286,liquibase,40
master,0,0,0,8,0,maven-command-framework,1,liquibase,3285,liquibase,22
master,0,0,0,9,0,fix-issue-3250,1,liquibase,3274,liquibase,39
master,0,0,0,1,0,issue/3236,1,liquibase,3244,liquibase,43
3.10.x,0,0,0,5,0,3.10.x,1,liquibase,3203,liquibase,41
master,0,0,0,1,0,improve-test-system-error,0,liquibase,3185,liquibase,4
master,0,0,0,5,0,liquibase-3067-patch,1,liquibase,3108,liquibase,24
master,0,0,0,6,0,2256_SkipMissingChangelogsSpringLiquibase,1,liquibase,3081,liquibase,39
master,0,0,0,2,0,master,1,SpringBootCodeGenerator,136,moshowgame,14
master,15947,0,0,5,0,optimize_ilp_parser,2,questdb,2635,questdb,55
master,0,0,0,3,0,clean_up_props,1,questdb,2633,questdb,32
master,0,0,0,7,0,iso-week-utils,1,questdb,2632,questdb,35
master,0,0,0,10,0,pad-functions,1,questdb,2631,questdb,44
master,0,0,0,5,0,hacktoberfest-width_bucket,1,questdb,2630,questdb,38
master,0,0,0,9,0,fix-o3-commit-error-many-partitions,1,questdb,2627,questdb,32
master,0,0,0,9,0,issue-2422,1,questdb,2624,questdb,31
master,0,0,0,31,0,groupby_functions_inlining,1,questdb,2621,questdb,33
master,0,0,0,12,0,str_trim_function,1,questdb,2613,questdb,33
master,0,0,0,6,0,issue-2611,1,questdb,2612,questdb,39
master,0,0,0,4,0,starts_with_str_function,1,questdb,2608,questdb,44
master,0,0,0,10,0,ma/detach-active,1,questdb,2606,questdb,37
master,0,0,0,8,0,ln-math,1,questdb,2605,questdb,32
master,0,0,0,4,0,like,1,questdb,2594,questdb,32
master,0,0,0,28,0,bz_query_timeout_fix,1,questdb,2587,questdb,34
master,0,0,0,4,0,log10,1,questdb,2579,questdb,32
master,0,0,0,2,0,env-var-config-msg,1,questdb,2577,questdb,35
master,0,0,0,15,0,feat/lag-functions,1,questdb,2459,questdb,31
master,0,0,0,425,0,features/wal/wal-auto-apply,3,questdb,2457,questdb,76
master,0,0,0,42,0,feat/string-agg,1,questdb,2388,questdb,38
master,0,0,0,4,0,fix-request-mapping,1,springdoc-openapi,1878,springdoc,17
master,0,0,0,1,0,pr-1486-support-for-constraint-composition,1,springdoc-openapi,1834,springdoc,21
master,0,0,0,3,0,master,1,springdoc-openapi,1823,springdoc,17
main,0,0,0,3,0,main,1,fastjson2,830,alibaba,56
master,0,0,0,70,0,revert-2787-revert-2722-feature/jakarta-jaxb,4,ebean,2837,ebean-orm,97
master,32,0,0,52,3,feature/jackson-mapper-module,2,ebean,2828,ebean-orm,46
master,18,0,0,39,3,feature/json-node-module,2,ebean,2826,ebean-orm,44
master,0,0,0,2,0,bug-fetch-and-where-formula-join,1,ebean,2773,ebean-orm,33
master,0,0,0,5,0,fix-dbforeignkey-jointype,2,ebean,2759,ebean-orm,40
master,0,0,0,6,0,master,1,arthas,2322,alibaba,12
master,0,0,0,4,0,master-issue2283,1,arthas,2329,alibaba,10
master,0,0,0,1,0,master,1,easyexcel,2787,alibaba,27
developing,0,0,0,4,0,developing,2,easyexcel,2795,alibaba,28
trunk,0,0,0,1,0,oscs_fix_cd5s698au51t5k2gfii0,0,ambari,3410,apache,11
trunk,0,0,0,1,0,oscs_fix_cd6k7moau51v9d6g9n6g,0,ambari,3415,apache,25
trunk,0,0,0,1,0,oscs_fix_cd6lh98au51v9d6g9nag,0,ambari,3416,apache,10
trunk,0,0,0,122,0,add-ambari-metrics-common-services,0,ambari,3452,apache,12
trunk,0,0,0,3,0,ambari-9016,1,ambari,3481,apache,33
trunk,0,0,0,1,0,AMBARI-25777,0,ambari,3484,apache,10
main,0,0,0,35,0,issue/CAMEL-18698/multiple-component-data-types,2,camel,8694,apache,367
master,0,0,0,1,0,secure_tests,1,curator,437,apache,23
3.2,0,0,0,8,0,adaptiveLoadbalance,1,dubbo,10745,apache,45
3.2,0,0,0,1,0,10753,1,dubbo,10754,apache,56
3.2,7,0,0,29,1,tri-flow,1,dubbo,10811,apache,59
3.1,0,0,0,1,0,3.1-issue10851,0,dubbo,10853,apache,11
3.2,0,0,0,3,0,feature/modify_xds_subscribe,1,dubbo,10885,apache,80
3.1,0,0,0,4,0,fix/pu,3,dubbo,10894,apache,118
3.1,0,0,0,15,0,1110_coverage,1,dubbo,10920,apache,71
master,0,0,0,11,0,FLINK-13703,2,flink,20936,apache,355
master,0,0,0,1,0,29399,0,flink,20952,apache,12
master,2,0,0,3,25,FLINK-29351,2,flink,20984,apache,353
master,0,0,0,6,0,FLINK-18346,1,flink,20994,apache,235
master,0,0,0,5,0,FLINK-29551,1,flink,20996,apache,227
master,3,1,1,6,100,FLINK-29571,1,flink,21008,apache,612
master,0,0,0,3,0,FLINK-29501,2,flink,21023,apache,164
master,0,0,0,29,0,UnifyExecutor,1,flink,21040,apache,298
master,0,0,0,6,0,FLINK-29627_master,2,flink,21052,apache,303
master,0,0,0,33,0,FLINK-29635,4,flink,21059,apache,603
master,0,0,0,4,0,FLINK-29646,4,flink,21076,apache,511
master,0,0,0,6,0,add-scala-async-retry-helpers,1,flink,21077,apache,181
master,0,0,0,15,0,feature/flink-29545,2,flink,21080,apache,144
master,0,0,0,2,0,FLINK-29635-2,0,flink,21084,apache,12
master,0,0,0,5,0,FLINK-29587,1,flink,21094,apache,300
master,0,0,0,31,0,FLINK-29664,1,flink,21111,apache,331
master,0,0,0,40,0,flink-29710-hadoop-2.10.2,1,flink,21128,apache,189
master,0,0,0,3,0,FLINK-29234-deadlock,1,flink,21137,apache,175
master,1,0,0,2,0,FLINK-28330,1,flink,21147,apache,190
master,0,0,0,8,0,FLINK-29757,2,flink,21155,apache,294
master,0,0,0,3,0,ericxiao/FLINK-20578,1,flink,21156,apache,304
master,0,0,0,2,0,createlike_view,1,flink,21159,apache,301
master,0,0,0,58,0,FLINK-29665,1,flink,21162,apache,330
master,0,0,0,30,0,FLINK-19822,0,flink,21170,apache,13
release-1.15,0,0,0,4,0,bp-1.15-FLINK-29781,1,flink,21177,apache,191
master,0,0,0,20,0,desc_comment,4,flink,21182,apache,550
master,0,0,0,1,0,bugfix/fix-flaky-testTriggerAndDeclineCheckpointComplex,1,flink,21183,apache,169
master,1,0,0,9,15,historyserver-support-lazy-unzip,2,flink,21185,apache,521
master,0,0,0,7,0,hotfix/add-final-and-fix-typo,2,flink,21193,apache,301
master,1,1,1,59,10,drop-hive-sql-parser,5,flink,21195,apache,786
master,0,0,0,15,0,operatorcoordinator_metric,1,flink,21197,apache,138
master,3,0,0,11,25,FLINK-29767-schedule-strategy,1,flink,21199,apache,307
master,1,0,0,3,25,FLINK-29779,1,flink,21200,apache,307
master,0,0,0,41,0,calcite128,3,flink,21203,apache,311
master,0,0,0,36,0,pull/FLINK-28082,2,flink,21206,apache,469
master,0,0,0,34,0,pull/FLINK-25686,1,flink,21207,apache,259
master,0,0,0,5,0,FLINK-29818-test-available-unstable,1,flink,21209,apache,164
release-1.15,0,0,0,4,0,branch-29652,1,flink,21210,apache,190
release-1.15,0,0,0,10,0,branch-29653,1,flink,21212,apache,188
master,0,0,0,1,0,master,1,flink,21217,apache,168
master,0,0,0,13,0,FLINK-29849,2,flink,21219,apache,303
release-1.15,0,0,0,17,0,bp-1.15-FLINK-29849,2,flink,21222,apache,196
master,0,0,0,4,0,FLINK-29781,1,flink,21225,apache,303
master,0,0,0,4,0,FLINK-29492,3,flink,21226,apache,273
master,0,0,0,20,0,feat/FLINK-29870,1,flink,21233,apache,315
master,2,0,0,6,25,FLINK-29610,1,flink,21239,apache,310
master,0,0,0,1,0,rcsw-fix,1,flink,21256,apache,168
master,0,0,0,2,0,flink-sourcereader-accumulator,2,flink,21258,apache,127
master,0,0,0,43,0,f29928,5,flink,21264,apache,491
master,0,0,0,1,0,FLINK-29940,1,flink,21266,apache,176
master,4,0,0,7,25,expose_savepoint_format,1,flink,21269,apache,314
master,0,0,0,2,0,exclude-jamon-2-3,0,flink,21278,apache,12
master,0,0,0,50,0,FLINK-29966,0,flink,21280,apache,12
master,0,0,0,1,0,29969/checkpoint-root-cause,1,flink,21281,apache,168
master,0,0,0,3,0,FLINK-29975-partition-reuse,2,flink,21284,apache,187
master,0,0,0,25,0,hive-partition-keys,5,flink,21290,apache,1036
master,0,0,0,13,0,flink-table-bigdecimal,2,flink,21293,apache,159
master,0,0,0,4,0,FLINK-29704,1,flink,21294,apache,189
master,0,0,0,1,0,typo_retriable,1,flink,21295,apache,215
master,0,0,0,6,0,24235,3,flink,21296,apache,322
master,0,0,0,3,0,24679,1,flink,21297,apache,65
master,0,0,0,4,0,28165,1,flink,21298,apache,187
master,0,0,0,1,0,28427,1,flink,21299,apache,184
master,14,0,0,4,25,29423,1,flink,21300,apache,315
master,0,0,0,1,0,HBASE-27445,1,hbase,4846,apache,21
master,0,0,0,1,0,HBASE-27390_master,1,hbase,4853,apache,20
master,0,0,0,1,0,HBASE-27463,1,hbase,4863,apache,21
HBASE-27109/table_based_rqs,0,0,0,4,0,HBASE-27429,2,hbase,4864,apache,28
master,0,0,0,2,0,HBASE-27469,1,hbase,4865,apache,20
master,0,0,0,14,0,HBASE-27474,2,hbase,4868,apache,28
branch-2,0,0,0,1,0,HBASE-27309-branch-2,0,hbase,4870,apache,8
master,0,0,0,6,0,HBASE-27466,2,hbase,4874,apache,29
master,0,0,0,2,0,fix_tests,1,hbase,4876,apache,20
,0,0,0,0,0,,0,maven,830,apache,4
,0,0,0,0,0,,0,maven,831,apache,3
,0,0,0,0,0,,0,maven,833,apache,3
,0,0,0,0,0,,0,maven,839,apache,3
,0,0,0,0,0,,0,maven,840,apache,3
,0,0,0,0,0,,0,maven,841,apache,3
,0,0,0,0,0,,0,maven,843,apache,3
,0,0,0,0,0,,0,maven,845,apache,3
,0,0,0,0,0,,0,maven,848,apache,3
,0,0,0,0,0,,0,maven,849,apache,3
,0,0,0,0,0,,0,maven,852,apache,3
,0,0,0,0,0,,0,maven,860,apache,3
,0,0,0,0,0,,0,maven,861,apache,3
,0,0,0,0,0,,0,maven,864,apache,3
,0,0,0,0,0,,0,maven,866,apache,3
,0,0,0,0,0,,0,maven,867,apache,3
,0,0,0,0,0,,0,maven,868,apache,3
,0,0,0,0,0,,0,maven,869,apache,3
,0,0,0,0,0,,0,maven,870,apache,3
master,0,0,0,1,0,PARQUET-2190,1,parquet-mr,1006,apache,10
master,0,0,0,14,0,directDecrypt-PR,3,parquet-mr,1008,apache,22
master,0,0,0,2,0,nested-encr-info,1,parquet-mr,1009,apache,10
master,0,0,0,1,0,PARQUET-2213,1,parquet-mr,1010,apache,10
master,0,0,0,1,0,oscs_fix_cd42i58au51t5k2gffgg,0,pinot,9586,apache,8
master,1,0,0,3,1,fun_registry,2,pinot,9602,apache,128
master,1,0,0,15,1,type_args,6,pinot,9623,apache,315
master,85,0,0,26,1,plugin-metrics,2,pinot,9628,apache,149
master,0,0,0,12,0,multistage_distinct_agg,3,pinot,9630,apache,162
master,0,0,0,4,0,master,3,pinot,9636,apache,165
master,0,0,0,6,0,table_rebalance_status,2,pinot,9662,apache,96
master,0,0,0,8,0,fix-empty-result-metadata,2,pinot,9669,apache,158
master,0,0,0,2,0,dang/rebalance-noop,1,pinot,9684,apache,93
master,0,0,0,6,0,ui/show-segment-debug-details,0,pinot,9700,apache,9
master,0,0,0,13,0,config_multi_datadirs_instance_config,5,pinot,9705,apache,243
master,0,0,0,12,0,pr_optable_completeness,4,pinot,9707,apache,230
master,1,0,0,6,2,xuanyili/offlinePeersSecurity,5,pinot,9710,apache,261
master,0,0,0,13,0,kinesis-headers,3,pinot,9713,apache,57
master,6,0,0,37,1,query_killing,5,pinot,9727,apache,251
master,0,0,0,2,0,jadami/component-listing-fixes,0,pinot,9742,apache,9
master,0,0,0,7,0,join_hash_collision,1,pinot,9743,apache,93
master,0,0,0,2,0,weixiang-9683,1,pinot,9744,apache,93
master,0,0,0,2,0,github-fork/faster-hll-deserialization,1,pinot,9749,apache,96
master,0,0,0,10,0,reproducible-build,0,pinot,9750,apache,11
master,0,0,0,1,0,fix_controller_conf_zk_str,1,pinot,9751,apache,95
master,0,0,0,14,0,scheduler,2,pinot,9753,apache,161
master,0,0,0,3,0,reload-segment-update,0,pinot,9762,apache,9
master,0,0,0,1,0,dependabot/npm_and_yarn/pinot-controller/src/main/resources/loader-utils-1.4.1,0,pinot,9763,apache,10
master,0,0,0,1,0,jadami/spark-launcher-provided-upstream,0,pinot,9766,apache,9
master,0,0,0,5,0,load_immutable_segment_conditionally,1,pinot,9772,apache,99
master,0,0,0,15,0,send_test,1,pinot,9773,apache,95
master,0,0,0,5,0,inequi_joinfix,1,pinot,9775,apache,92
master,0,0,0,5,0,test_mailbox_receive,1,pinot,9776,apache,92
master,0,0,0,10,0,mailbox_receive_unit_tests,3,pinot,9778,apache,163
master,0,0,0,4,0,jadami/async-schema-loading,0,pinot,9781,apache,9
master,0,0,0,4,0,pr_add_join_tests,1,pinot,9782,apache,94
master,0,0,0,7,0,separate-helix-logs,0,pinot,9786,apache,9
develop,0,0,0,1,0,fix_batch_send_acl,1,rocketmq,5304,apache,71
develop,0,0,0,1,0,litepullconsumerSupportResetOffset,1,rocketmq,5321,apache,75
develop,0,0,0,1,0,new,1,rocketmq,5328,apache,73
develop,0,0,0,1,0,issue-5359,1,rocketmq,5360,apache,73
develop,0,0,0,2,0,issue-5257,1,rocketmq,5362,apache,75
develop,4,1,1,6,146,develop,2,rocketmq,5429,apache,1076
develop,0,0,0,1,0,develop-liuyazhou,1,rocketmq,5435,apache,119
develop,0,0,0,2,0,develop,2,rocketmq,5456,apache,280
develop,1,0,0,2,9,develop,1,rocketmq,5463,apache,55
develop,0,0,0,2,0,dev-8,1,rocketmq,5475,apache,224
develop,0,0,0,1,0,master,1,rocketmq,5476,apache,101
develop,0,0,0,1,0,develop,1,rocketmq,5477,apache,76
develop,0,0,0,1,0,rocketmq-5499,1,rocketmq,5500,apache,118
develop,0,0,0,1,0,fix/getOffsetInQueueByTime,1,rocketmq,5504,apache,78
develop,0,0,0,1,0,rocketmq-5507,1,rocketmq,5508,apache,44
develop,0,0,0,1,0,fix_BrokerOuterAPITest,1,rocketmq,5510,apache,137
develop,0,0,0,2,0,network,1,rocketmq,5513,apache,44
develop,0,0,0,1,0,rocketmq-5511,1,rocketmq,5514,apache,152
master,0,0,0,2,0,oscs_fix_cd42jm8au51t5k2gffj0,0,storm,3498,apache,5
master,0,0,0,2,0,oscs_fix_cd43dq8au51t5k2gffu0,0,storm,3500,apache,5
master,0,0,0,10,0,feature/master/joviegas_async_hang_bug,1,aws-sdk-java-v2,3535,aws,68
main,0,0,0,179,0,AzVersion_UpdateTestingVersions,1,azure-sdk-for-java,31504,Azure,133
main,0,0,0,108,0,update-spring-dependencies,1,azure-sdk-for-java,31730,Azure,170
main,0,0,0,1,0,main,0,azure-sdk-for-java,31732,Azure,65
main,0,0,0,3,0,increment-package-version-maps-1983330,0,azure-sdk-for-java,32104,Azure,53
master,0,0,0,1,0,master,0,simple-java-mail,424,bbottema,2
main,0,0,0,5,0,write-message-based-junit-formatter,1,cucumber-jvm,2638,cucumber,28
main,0,0,0,1,0,pickle-order,1,cucumber-jvm,2639,cucumber,24
master,0,0,0,1,0,master,1,cat,2256,dianping,10
master,0,0,0,70,0,require-non-null,2,docker-java,1981,docker-java,32
master,2,0,0,12,29,load_async,3,docker-java,1982,docker-java,471
master,0,0,0,2,0,dependabot/maven/jackson.version-2.14.0,0,docker-java,1994,docker-java,2
v5-dev,0,0,0,3,0,v5-dev,1,hutool,2684,dromara,16
v5-dev,0,0,0,2,0,v5-dev,1,hutool,2727,dromara,16
master,0,0,0,41,0,feat_master_br,14,chunjun,1374,DTStack,94
master,0,0,0,1,0,fix-#1334_orc_timestamp,0,chunjun,1383,DTStack,4
master,0,0,0,542,0,format,64,kubernetes-client,4517,fabric8io,8315
master,0,0,0,1,0,Tariqs-patch-1,1,kubernetes-client,4521,fabric8io,679
master,0,0,0,8,0,fix-4530,1,kubernetes-client,4536,fabric8io,253
master,0,0,0,7,0,issue-4543,1,kubernetes-client,4561,fabric8io,252
master,0,0,0,6,0,jdk-config,2,kubernetes-client,4570,fabric8io,253
master,0,0,0,1,0,snyk-fix-da5c6de72c7593ffef1d5045c8864cc0,0,ff4j,604,ff4j,3
master,0,0,0,1,0,snyk-fix-6eec1583487ee569d41fdaf5b51e343c,0,ff4j,609,ff4j,2
master,0,0,0,1,0,snyk-fix-c527d35091b2cada1f4c3ac3e4532de0,0,ff4j,610,ff4j,2
master,0,0,0,1,0,snyk-fix-87bf9fa55853f2f0cbcc1f96d33d6fe6,0,ff4j,612,ff4j,2
master,0,0,0,1,0,snyk-fix-7f805c2d249b8ea51b25d170830dd442,0,ff4j,615,ff4j,2
main,0,0,0,3,0,main,1,flowable-engine,3507,flowable,34
main,2,0,0,8,1,job-service-acquire-one-exclusive-external-worker-job-per-process-instance,3,flowable-engine,3510,flowable,96
main,0,0,0,18,0,task/change-abstract-script-evaluator-script-to-string,4,flowable-engine,3513,flowable,64
2.0.x,0,0,0,13,0,release-please--branches--2.0.x,0,google-api-java-client,2181,googleapis,2
main,0,0,0,14,0,release-please--branches--main,0,google-api-java-client,2182,googleapis,2
1.42.x,0,0,0,16,0,release-please--branches--1.42.x,0,google-http-java-client,1767,googleapis,2
main,0,0,0,17,0,release-please--branches--main,0,google-http-java-client,1768,googleapis,2
master,0,0,0,4,0,test_480750675,1,error-prone,3483,google,32
master,0,0,0,1,0,patch-1,1,error-prone,3493,google,50
master,0,0,0,1,0,test_482828608,1,error-prone,3503,google,20
master,0,0,0,1,0,improvement/simplify-symbol-lookup,1,error-prone,3504,google,22
master,0,0,0,1,0,laughing-train/Qodana/-331951670,1,error-prone,3519,google,50
master,0,0,0,7,0,test_486790249,1,error-prone,3529,google,50
master,0,0,0,2,0,fix-846-mem-thread-leak,1,google-java-format,847,google,31
master,0,0,0,1,0,return_nonzero,1,google-java-format,848,google,24
master,0,0,0,8,0,newline_config,1,gson,2231,google,11
master,0,0,0,2,0,jsonobject-is-empty,1,gson,2233,google,11
master,0,0,0,1,0,dependabot/maven/com.fasterxml.jackson.core-jackson-databind-2.14.0,0,gson,2234,google,2
master,0,0,0,1,0,dependabot/maven/kr.motd.maven-os-maven-plugin-1.7.1,0,gson,2235,google,2
master,0,0,0,4,0,fix_3720,2,guava,6218,google,13
master,0,0,0,1,0,#6217_Add_test_that_putIfAbsent_replaces_a_null_value_,1,guava,6225,google,11
master,0,0,0,10,0,master,2,guava,6232,google,21
main,0,0,0,59,0,jetty11,5,hawtio,2769,hawtio,173
helidon-2.x,2,0,0,47,0,oidc-multitenant,10,helidon,5168,helidon-io,123
helidon-3.x,2,0,0,32,0,4445-jms-nack,6,helidon,5327,helidon-io,60
helidon-3.x,0,0,0,42,0,openapi-ui-integration-3.x,5,helidon,5343,helidon-io,73
master,7,0,0,28,0,sonar-critical-issue,11,java-design-patterns,2168,iluwatar,115
master,0,0,0,11,0,feature1,3,java-design-patterns,2181,iluwatar,66
master,0,0,0,13,0,master,0,java-design-patterns,2194,iluwatar,3
master,0,0,0,24,0,u7239623_dci,0,java-design-patterns,2195,iluwatar,3
master,0,0,0,69,0,master,21,java-design-patterns,2272,iluwatar,204
master,0,0,0,41,0,dep/mockito-4.5,17,java-design-patterns,2316,iluwatar,171
master,0,0,0,6,0,dep/upgrade-h2,3,java-design-patterns,2317,iluwatar,45
master,1,0,0,6,0,dep/upgrade-camel,1,java-design-patterns,2318,iluwatar,49
master,0,0,0,2,0,dep/cleanup,0,java-design-patterns,2319,iluwatar,3
master,0,0,0,1,0,oscs_fix_cd3tanoau51of7vbl46g,0,heritrix3,534,internetarchive,2
master,0,0,0,1,0,oscs_fix_cd42jlgau51t5k2gffi0,0,heritrix3,535,internetarchive,2
master,0,0,0,1,0,oscs_fix_cd5c2voau51t5k2gfi30,0,heritrix3,536,internetarchive,2
master,0,0,0,1,0,oscs_fix_cd5s428au51t5k2gfig0,0,heritrix3,537,internetarchive,3
master,0,0,0,3,0,master,3,jacoco,1379,jacoco,46
master,0,0,0,5,0,unit-tests,2,javaparser,3729,javaparser,33
master,0,0,0,4,0,3586-method-declaration-duplicate-comments,2,javaparser,3733,javaparser,34
master,0,0,0,9,0,Exception-Messages,2,javaparser,3737,javaparser,35
master,3,0,0,2,100,layout-api-location-insert-clean,1,javaparser,3738,javaparser,1405
master,0,0,0,7,0,improvement/quick-javaparser-api,1,javaparser,3747,javaparser,30
master,0,0,0,29,0,java-platform-module-system,1,handlebars.java,1003,jknack,16
master,0,0,0,1,0,remove-shaded-commons-text,0,handlebars.java,1012,jknack,2
master,0,0,0,1,0,dependabot/maven/jetty-version-11.0.12,0,handlebars.java,1015,jknack,2
master,0,0,0,1,0,dependabot/maven/com.google.guava-guava-31.1-jre,0,handlebars.java,1022,jknack,2
master,0,0,0,17,0,jakarta-ee-update,3,handlebars.java,1024,jknack,43
master,0,0,0,2,0,dependabot/maven/org.apache.maven.plugins-maven-shade-plugin-3.4.1,0,handlebars.java,1025,jknack,2
master,0,0,0,1,0,feature/gradle-settings,0,jsonschema2pojo,1442,joelittlejohn,2
master,0,0,0,2,0,dependabot/gradle/jsonschema2pojo-gradle-plugin/example/android/com.fasterxml.jackson.core-jackson-databind-2.13.4.2,0,jsonschema2pojo,1443,joelittlejohn,2
master,0,0,0,2,0,dependabot/gradle/jsonschema2pojo-gradle-plugin/example/android/com.google.code.gson-gson-2.10,0,jsonschema2pojo,1444,joelittlejohn,2
master,0,0,0,1,0,patch-2,0,teavm,637,konsoletyper,4
master,3,0,0,2,13,master,1,morphia,2126,MorphiaOrg,85
master,0,0,0,1,0,dependabot/maven/reactor.version-3.5.0,0,feign,1827,OpenFeign,2
master,0,0,0,14,0,micrometerObservations,2,feign,1828,OpenFeign,12
master,0,0,0,12,0,interceptor-chaining,2,feign,1829,OpenFeign,11
master,0,0,0,1,0,dependabot/maven/org.apache.httpcomponents.client5-httpclient5-5.2,0,feign,1836,OpenFeign,2
master,0,0,0,1,0,oscs_fix_cd3nok8au51of7vbl3b0,0,brave,1348,openzipkin,2
master,0,0,0,1,0,oscs_fix_cd3nor0au51of7vbl3bg,0,brave,1349,openzipkin,2
master,0,0,0,7,0,sman-81-sortpom,0,logback,603,qos-ch,2
master,0,0,0,5,0,manifest_manual,0,slf4j,321,qos-ch,2
main,0,0,0,6,0,cache-null-values,2,quarkus,28575,quarkusio,112
2.13,0,0,0,2,0,2022-10-14-fix-28530,2,quarkus,28596,quarkusio,99
main,0,0,0,1,0,doc_create_extension_mojo_with_codestart_option,0,quarkus,28768,quarkusio,8
main,0,0,0,5,0,update-vale-rules,0,quarkus,28880,quarkusio,7
main,0,0,0,12,0,i28579-quarkustransaction-runner,2,quarkus,28903,quarkusio,131
main,0,0,0,51,0,compiledev,2,quarkus,28999,quarkusio,106
main,0,0,0,43,0,redis-search,2,quarkus,29081,quarkusio,117
main,0,0,0,1,0,main,0,quarkus,29085,quarkusio,8
main,1,0,0,28,93,warmup-stage,7,quarkus,29108,quarkusio,573
main,0,0,0,6,0,new-query-annotations,1,quarkus,29126,quarkusio,62
main,0,0,0,1,0,easiersync,0,quarkus,29131,quarkusio,7
2.14,3,0,0,66,0,2.14.1-backports-2,21,quarkus,29185,quarkusio,665
main,0,0,0,2,0,#16674,1,quarkus,29197,quarkusio,72
main,0,0,0,1,0,stork-guide-type,0,quarkus,29203,quarkusio,7
main,0,0,0,1,0,fix-stork-docs,0,quarkus,29204,quarkusio,7
master,0,0,0,1,0,dependabot/maven/org.springframework.boot-spring-boot-starter-parent-2.7.5,0,querydsl,3415,querydsl,3
master,0,0,0,8,0,master,0,querydsl,3419,querydsl,3
master,0,0,0,4,0,oscs_fix_cd404qoau51of7vbl4j0,0,rest-assured,1637,rest-assured,3
master,0,0,0,1,0,oscs_fix_cd95anoau51q6ol1gurg,0,rest-assured,1644,rest-assured,2
dev,0,0,0,4,0,dev,3,TelegramBots,1137,rubenlagus,52
master,0,0,0,1,0,feat/ext_provider,1,sofa-ark,586,sofastack,26
master,0,0,0,3,0,oscs_fix_cd43hd0au51t5k2gfg00,0,sofa-jraft,892,sofastack,2
master,0,0,0,2,0,fix_issue_889,1,sofa-jraft,893,sofastack,29
master,0,0,0,2,0,rocksdb_7.7.3,1,sofa-jraft,896,sofastack,34
master,0,0,0,4,0,upgrade_rpc_590,1,sofa-rpc,1277,sofastack,20
master,0,0,0,4,0,triple_multi_classloader,1,sofa-rpc,1278,sofastack,23
main,0,0,0,342,0,polish-imports-core,1,spring-batch,4216,spring-projects,66
main,0,0,0,7,0,add-enhance-to-step,1,spring-batch,4220,spring-projects,839
main,0,0,0,1,0,BATCH-4182,0,spring-batch,4221,spring-projects,3
develop,1,0,0,18,26,feature/indicator-cache,2,ta4j,907,ta4j,83
develop,16,1,1,109,26,NumType,2,ta4j,909,ta4j,78
develop,0,0,0,2,0,patch-1,1,ta4j,915,ta4j,15
master,0,0,0,1,0,dependabot/maven/vjkit/com.fasterxml.jackson.core-jackson-databind-2.13.4.1,0,vjtools,205,vipshop,2
master,0,0,0,9,0,dependabot/maven/com.fasterxml.jackson.core-jackson-databind-2.13.4.1,0,high-performance-java-persistence,81,vladmihalcea,2
main,0,0,0,4,0,bugfix/1360-NPE-at-FeignLogbookLogger,1,logbook,1362,zalando,18
main,0,0,0,1,0,dependabot/maven/ch.qos.logback-logback-classic-1.4.4,0,logbook,1363,zalando,3
main,0,0,0,3,0,bugfix/1112-http5-comp,0,logbook,1373,zalando,2
